strava_rider_url,PCS
/athletes/232212,?vetcov Serghei
/athletes/3262380,Aasheim Aksel
/athletes/12274527,Ackermann Pascal
/athletes/2958321,Acosta Thomas
/athletes/6390713,Adria Roger
/athletes/6390713,Adria Roger
/athletes/37167909,Affini Edoardo
/athletes/37167909,Affini Edoardo
/athletes/4020290,Afonso Luis
/athletes/10500306,Alarcon Pablo
/athletes/780854,Albasini Michael
/athletes/4111169,Allegaert Piet
/athletes/585176,Almonacid Patricio
/athletes/769556,Ambrose Scott
/athletes/1944374,Amici Alberto
/athletes/12880702,Amundrud Kjetil
/athletes/12542977,Anacona Winner
/athletes/8099509,Andrade Pedro
/athletes/19446526,Andreetta Simone
/athletes/153266,Anthony Jesse
/athletes/1116542,Antonini Simone
/athletes/3243807,Araiz Sergio
/athletes/5773346,Aramendi Dorian
/athletes/1960580,Araque Rodrigo
/athletes/2276607,Arcas Jorge
/athletes/1058766,Archibald John
/athletes/28200296,Archibold Franklin
/athletes/4125056,Aregger Marcel
/athletes/1936233,Arensman Thymen
/athletes/2085913,Ariesen Tim
/athletes/2192184,Armirail Bruno
/athletes/2347901,Arnoult Floryan
/athletes/5069844,Arroyo Fernando
/athletes/28635374,Aru Fabio
/athletes/36356974,Asgreen Kasper
/athletes/24780255,Aso Keisuke
/athletes/19710075,Assakul Win
/athletes/1637912,Asselman Jesper
/athletes/114920,Auld Scott
/athletes/1073908,Baca Tony
/athletes/23726463,Backaert Frederik
/athletes/10403487,Bagdonas Gediminas
/athletes/9035989,Bagioli Andrea
/athletes/1450761,Bagot Yoann
/athletes/3456837,Baillifard Valentin
/athletes/9232837,Bais Mattia
/athletes/3134629,Bajt Dejan
/athletes/3943249,Bakelants Jan
/athletes/21139052,Ballerstedt Maurice
/athletes/7252224,Balykin Ivan
/athletes/6766614,Banaszek Alan
/athletes/5844573,Banaszek Alan
/athletes/2085727,Bandiera Marco
/athletes/5590963,Bani Eugenio
/athletes/1576491,Banushi Besmir
/athletes/7365488,Barbier Pierre
/athletes/7365488,Barbier Pierre
/athletes/1423405,Barbin Enrico
/athletes/1630132,Bardet Romain
/athletes/722861,Barguil Warren
/athletes/14380314,Barrenetxea Ander
/athletes/831403,Barta Will
/athletes/622396,Bassett Stephen
/athletes/193788,Bassetti Sam
/athletes/18379537,Baude Arthur
/athletes/5729914,Bauer Dominik
/athletes/2217800,Bauhaus Phil
/athletes/3123584,Baylis Tom
/athletes/219621,Bayly Cameron
/athletes/194967,Bazzana Alessandro
/athletes/680794,Beard Cameron
/athletes/2301114,Beers Matthew
/athletes/16484445,Bekaert Yentl
/athletes/79104,Belkov Maxim
/athletes/2508843,Belletti Manuel
/athletes/880187,Bennett George
/athletes/1128302,Benoot Tiesj
/athletes/117982,Berard Julien
/athletes/1084764,Berends Ethan
/athletes/3597384,Berger Leon
/athletes/2119306,Bernal Egan
/athletes/1903938,Bernard Julien
/athletes/1474871,Bernardinetti Marco
/athletes/1966330,Bettini Francesco
/athletes/16874183,Bettiol Alberto
/athletes/1306453,Beukeboom Dion
/athletes/1435325,Bewley Sam
/athletes/1147870,Beyer Chad
/athletes/7668349,Bialoblocki Marcin
/athletes/518177,Bibby Ian
/athletes/9123437,Bichlmann Daniel
/athletes/3211284,Bico Nuno
/athletes/2916501,Bidard Francois
/athletes/1615468,Blain Alexandre
/athletes/403508,Blevins Christopher
/athletes/1636003,Blythe Adam
/athletes/6868435,Bocchiola Giorgio
/athletes/1967043,Boeckmans Kris
/athletes/2919398,Boele Niels
/athletes/14325560,Boisset Enzo
/athletes/7131728,Boivin Mael
/athletes/1331421,Bol Cees
/athletes/588876,Bol Jetse
/athletes/2261653,Bole Grega
/athletes/24436056,Bonaldo Kevin
/athletes/1554175,Bonifazio Niccolo
/athletes/1848298,Bonjean Maxence
/athletes/116788,Bonnafond Guillaume
/athletes/4018952,Bonnamour Franck
/athletes/6998219,Bonnet William
/athletes/4415986,Bonusi Raffaello
/athletes/26475512,Bookwalter Brent
/athletes/408163,Boom Lars
/athletes/6967744,Boonchuay Teerasak
/athletes/13231150,Boonrod Nattaphom
/athletes/8670365,Borgo Marco
/athletes/3502509,Bos Theo
/athletes/534744,Bostock Matthew
/athletes/262535,Boswell Ian
/athletes/3493306,Boubouchke David
/athletes/51024355,Boucek Jakub
/athletes/104028,Bouchard Geoffrey
/athletes/14201933,Boudat Thomas
/athletes/7331365,Bouet Maxime
/athletes/1993533,Bouwman Koen
/athletes/3032592,Bovenhuis Jasper
/athletes/12649,Bradbury Edmund
/athletes/5667784,Braidot Daniele
/athletes/4760643,Braidot Luca
/athletes/109652,Brajkovic Janez
/athletes/1676111,Brambilla Giorgio
/athletes/1170160,Brand Sam
/athletes/14104168,Brandecker Hannes
/athletes/7177418,Bresciani Michael
/athletes/1084629,Britton Rob
/athletes/259470,Brown Nathan
/athletes/1352209,Brusselman Twan
/athletes/2685219,Buchmann Emanuel
/athletes/4331431,Budding Martijn
/athletes/268080,Bulgarelli Otavio
/athletes/4829353,Bull Adam
/athletes/12274525,Burgaudeau Mathieu
/athletes/1751430,Burger Sven
/athletes/8125556,Burghardt Luis
/athletes/1803986,Burghardt Marcus
/athletes/2010779,Burt Patrick
/athletes/794255,Buskermolen Jordy
/athletes/124467,Butler Chris
/athletes/2542098,Bystrom Sven Erik
/athletes/1683049,Cabanel Vincent
/athletes/8360639,Cacciotti Andrea
/athletes/12204916,Calabria Fabio
/athletes/1715492,Calleeuw Joeri
/athletes/1805247,Calmejane Lilian
/athletes/3966534,Cam Maxime
/athletes/620617,Campanaerts Victor
/athletes/620617,Campenaerts Victor
/athletes/1336977,Camrda Pavel
/athletes/391026,Canty Brendan
/athletes/7664988,Capecchi Eros
/athletes/2613903,Capiot Amaury
/athletes/3613594,Carboni Giovanni
/athletes/8070536,Cardis Romain
/athletes/28995523,Carlini Ettore
/athletes/1044522,Carr Adam
/athletes/5667997,Carretero Hector
/athletes/20793243,Carretta Riccardo
/athletes/4084289,Caruso Damiano
/athletes/2973929,Carvalho Andre
/athletes/1837921,Carvalho Rui
/athletes/2565083,Casimiro Henrique
/athletes/8728583,Castelblanco Jorge
/athletes/3490359,Cataford Alexander
/athletes/2203430,Cavagna Remi
/athletes/277090,Cavanagh Ryan
/athletes/3429256,Champoussin Clement
/athletes/109938,Chance Maxx
/athletes/2136208,Cherel Mikael
/athletes/477540,Cherhal Corentin
/athletes/31391746,Chevalier Maxime
/athletes/3537233,Chevalier Olivier
/athletes/1634025,Chevrier Clement
/athletes/145340,Cheyne Jordan
/athletes/2204669,Chiarini Riccardo
/athletes/2612538,Chicchi Francesco
/athletes/41896828,Chikatani Ryo
/athletes/1673659,Chinello Fabio
/athletes/1616309,Choi Taeho
/athletes/3576629,Christensen Ryan
/athletes/44805349,Cianci Sebastian
/athletes/4226110,Ciavatta Paolo
/athletes/20904837,Cimolai Davide
/athletes/1130067,Claes Stef
/athletes/4980290,Claeys Dimitri
/athletes/127134,Clancy Stephen
/athletes/2332012,Clarke Will
/athletes/174377,Cleppe Nicolas
/athletes/1766205,Coenen Dennis
/athletes/266404,Coenen Johan
/athletes/4047042,Cole Brendan
/athletes/1745119,Colli Daniele
/athletes/3711862,Colluccini Nicolas
/athletes/7604023,Colman Alex
/athletes/9383288,Colombo Filippo
/athletes/14534826,Colonna Yuri
/athletes/3887156,Companioni Ruben
/athletes/2824377,Consonni Simone
/athletes/134062,Conti Samuele
/athletes/29563185,Contte tomas
/athletes/6525374,Cools Alexander
/athletes/1819548,Coquil Sebastien
/athletes/1690724,Corella Rene
/athletes/10275067,Cornelisse Mitchell
/athletes/1888792,Corradini Michele
/athletes/11328609,Cortjens Ryan
/athletes/65548,Costa Adrien
/athletes/1752745,Costa Axel
/athletes/7504227,Courteille Arnaud
/athletes/1789488,Cousin Jerome
/athletes/1178628,Coutinho Leonel
/athletes/9776534,Covili Luca
/athletes/3822765,Cowan Alexander
/athletes/259263,Craddock Lawson
/athletes/2195719,Cras Steff
/athletes/6075,Craven Dan
/athletes/1193046,Culey Marcus
/athletes/602548,Cullaigh Gabriel
/athletes/231490,Curran Geoffrey
/athletes/8849354,Dabski Patryk
/athletes/3637756,Dahlheim Andrew
/athletes/909835,Dal-Cin Matteo
/athletes/3989788,Dame Dylan
/athletes/1701163,Damiano Maurizio
/athletes/1725565,Danes Leo
/athletes/1785446,Daniel Gregory
/athletes/915503,Danielsen Eirik
/athletes/7173167,Danielson Tom
/athletes/1634775,Dassonville Flavien
/athletes/16397925,David Andrea
/athletes/337980,David Winston
/athletes/568077,Davies Scott
/athletes/8843498,Davy Clement
/athletes/666711,De Bie Sean
/athletes/1855274,De Gendt Thomas
/athletes/2327652,De Kort Koen
/athletes/2014488,De La Cruz David
/athletes/2014488,De La Cruz David
/athletes/428395,de Maar Marc
/athletes/9545283,De Marchi Alessandro
/athletes/4049155,De Plus Laurens
/athletes/1549153,De Rooze Niels
/athletes/1129713,De Tier Floris
/athletes/402858,de Vos Adam
/athletes/538528,De Vreese Laurens
/athletes/1519617,Dechesne Julien
/athletes/1023781,Declercq Benjamin
/athletes/1154552,Declercq Tim
/athletes/1889969,Defaye Jeremy
/athletes/4587013,Degand Thomas
/athletes/1783005,Deguide Louis
/athletes/2296316,Dehaes Kenny
/athletes/12853663,Delaplace Anthony
/athletes/25492346,Delco Lorenzo
/athletes/2754284,Delfosse Sebastien
/athletes/2445348,Deltombe Kevin
/athletes/8183324,Deman Baptiste
/athletes/1737657,Demare Arnaud
/athletes/3423315,Denz Nico
/athletes/3674448,Deprez Tuur
/athletes/4089874,Deriaux Florian
/athletes/3949717,Devenyns Dries
/athletes/7830934,Devriendt Tom
/athletes/3470393,Dewulf Stan
/athletes/7641477,Dhaene Brecht
/athletes/2513474,D'Heygere Gil
/athletes/2513474,D'Heygere Gil
/athletes/2513474,D'heygere Gil
/athletes/3980641,Dias Daniel
/athletes/3407398,Diaz Jose Manuel
/athletes/2763456,Dibben Jonathan
/athletes/2763456,Dibben Jonathan
/athletes/1675871,Dieteren Jan
/athletes/12427912,Dillier Silvan
/athletes/3310687,Dina Marton
/athletes/29509748,Dittajumnong Nattapong
/athletes/2242558,Dobre Vlad-nicolae
/athletes/7941156,Dockx Gert
/athletes/2489791,Doets Marco
/athletes/9972877,Dolezal Adam
/athletes/7665682,Domagalski Karol
/athletes/276702,Dombrowski Joe
/athletes/1284150,Donovan Mark
/athletes/8819545,Doubey Fabien
/athletes/4420357,Double Paul
/athletes/4537138,Dougall Nic
/athletes/996927,Dowdell Curtis
/athletes/505408,Dowsett Alex
/athletes/18650411,Draghi Guido
/athletes/8984299,Dragoi Ionut-Valentin
/athletes/9912333,Draperi Matteo
/athletes/4419550,Duarte Francisco
/athletes/6173440,Dubois Corentin
/athletes/1786916,Duchesne Antoine
/athletes/1754138,Dufour Florian
/athletes/286373,Duijn Huub
/athletes/3114986,Dumoulin Samuel
/athletes/2931991,Dumourier Florian
/athletes/1709131,Dupont Timothy
/athletes/8845372,Duquennoy Jimmy
/athletes/12340957,Duranti Jalel
/athletes/1031953,Duvigneau Beau
/athletes/1005431,Earle Nathan
/athletes/3844606,Easter Cullen
/athletes/2113364,Eaton Daniel
/athletes/1678313,Ebsen John
/athletes/8712826,Echtermann Leon
/athletes/220010,Eckmann Yannick
/athletes/1621202,Edet Nicolas
/athletes/3745308,Eekhoff Nils
/athletes/1563189,Eenkhoorn Pascal
/athletes/9680598,Egholm Jakob
/athletes/852259,Eikeland Odin
/athletes/601836,Eiking Odd Christian
/athletes/5096617,Einhorn Itamar
/athletes/142174,Eisenhart Taylor
/athletes/356659,Eising Tijmen
/athletes/1710748,El Fares Julien
/athletes/19658349,El Kouraji Mohcine
/athletes/3530526,Ellsay Nigel
/athletes/6903975,Engelhardt Felix
/athletes/3451377,Engoulvent Jimmy
/athletes/2809783,Eriksson Lucas
/athletes/7828145,Errazkin Xuban
/athletes/2623814,Estevez Imanol
/athletes/286819,Evans Brad
/athletes/536837,Evensen Henrik
/athletes/1701103,Fabre Etienne
/athletes/7190404,Fache Florent
/athletes/537869,Fairly Caleb
/athletes/28967656,Felipe Marcelo
/athletes/13176333,Fenn Andrew
/athletes/7291737,Fernandez Ruben
/athletes/549277,Ferron Valentin
/athletes/119832,Finsterwald Russell
/athletes/321346,Fisher Steve
/athletes/1087048,Flaksis Andzs
/athletes/7630472,Foliforov Alexander
/athletes/2276411,Font Bernat
/athletes/11441868,Fonte Cesar
/athletes/3243335,Fonzi Giuseppe
/athletes/553380,Fortin Filippo
/athletes/3125765,Fortunato Lorenzo
/athletes/2885876,Foss Tobias
/athletes/2885876,Foss Tobias
/athletes/4851916,Fouche James
/athletes/1148570,Foyn Christian
/athletes/15488861,Franczak Pawel
/athletes/27185541,Frank Mathias
/athletes/1400765,Frankiny Kilian
/athletes/1841156,Frapporti Marco
/athletes/405705,Fraser Cameron
/athletes/513455,Frattini Davide
/athletes/6913455,Frigo Marco
/athletes/2194005,Fumeaux Jonathan
/athletes/18888454,Furlan Francesco
/athletes/30169583,Gaido Matteo
/athletes/5060232,Gall Felix
/athletes/7173248,Gallego Alberto
/athletes/10866495,Gandia Jordi
/athletes/1640358,Garbet Nicolas
/athletes/1292406,Garcia Cortina Ivan
/athletes/404453,Gardias Dexter
/athletes/49503094,Gasparotto Enrico
/athletes/49503094,Gasparotto Enrico
/athletes/4774417,Gaudu David
/athletes/12532341,Gaugl Florian
/athletes/24644516,Gaviria Fernando
/athletes/14115949,Geleijn Owen
/athletes/7832798,Genetier Francis
/athletes/1657853,Geniez Alexandre
/athletes/30132142,Gerard Arnaud
/athletes/1288324,Gerts Floris
/athletes/13872795,Geschke Simon
/athletes/1216273,Gesink Robert
/athletes/2873581,Geuens Alexander
/athletes/1610789,Geysen Kurt
/athletes/1488251,Giacoppo Anthony
/athletes/18394744,Gibbons Thomas
/athletes/890323,Girkins Kevin
/athletes/1750336,Giuliani Giacomo
/athletes/4946218,Giuriato Alberto
/athletes/6531387,Glasspool James
/athletes/3376822,Goderis Jelle
/athletes/1809256,Godon Dorian
/athletes/18144800,Goebeert Pierre
/athletes/39798286,Goeman Andreas
/athletes/6040953,Goeree Niels
/athletes/1900044,Goikoetxea Peio
/athletes/5352091,Golcer Jure
/athletes/19061690,Gomes Rodrigo
/athletes/10097693,Gomez Damion
/athletes/1523575,Goolaerts Michael
/athletes/7361264,Gorak Dominik
/athletes/2569104,Gossard Maxime
/athletes/6785407,Gossiaux Thomas
/athletes/1843013,Gottlieb Kevin
/athletes/9479785,Gougeard Alexis
/athletes/1942409,Graf Andreas
/athletes/630070,Granigan Noah
/athletes/25760884,Greenwood Sam
/athletes/4056360,Gregaard Jonas
/athletes/7307546,Grellier Fabien
/athletes/1915664,Grosu Eduard-Michael
/athletes/6728810,Groves Kaden
/athletes/867729,Guardini Andrea
/athletes/4187156,Guasco Mattia
/athletes/8813257,Guay Julien
/athletes/2357529,Guerin Alexis
/athletes/1751647,Guernalec Thibault
/athletes/2289445,Guerreiro Ruben
/athletes/1876677,Guerrero Pablo
/athletes/5543279,Guglielmi Simon
/athletes/149300,Gullen James
/athletes/12599873,Gullickson Finn
/athletes/335746,Gunman Taylor
/athletes/11018213,Gutierrez Carlos
/athletes/2135923,Guyot Romain
/athletes/8288236,Guzman William
/athletes/2877320,Haag Guillaume
/athletes/12924172,Haas Nathan
/athletes/248697,Hacecky Vojtech
/athletes/3765057,Haddi Soufiane
/athletes/269660,Haga Chad
/athletes/134614,Hagen Carl Fredrik
/athletes/16422539,Hagen Krister
/athletes/2041772,Haidet Lance
/athletes/21111122,Haikkal Danieal
/athletes/1937992,Haller Patrick
/athletes/9761216,Halvorsen Erik
/athletes/2152250,Hambrook Sean
/athletes/278195,Handley Richard
/athletes/4111255,Hansen Jesper
/athletes/1187926,Hansen Lasse Norman
/athletes/1187926,Hansen Lasse Norman
/athletes/1760211,Hardy Romain
/athletes/9325571,Hatanaka Yusuke
/athletes/2686441,Hatz Christopher
/athletes/6323010,Haussler Heinrich
/athletes/6323010,Haussler Heinrich
/athletes/1120791,Havik Piotr
/athletes/601041,Hayter Ethan
/athletes/1754389,Healy Ben
/athletes/713550,Hecht Gage
/athletes/18403557,Heiduk Kim
/athletes/409795,Henderson Gregory
/athletes/1942112,Henttala Joonas
/athletes/4681200,Herbert Charles
/athletes/3284657,Herchel Dylan
/athletes/593390,Hermans Ben
/athletes/9162783,Hermans Quinten
/athletes/5027495,Hernandez Oscar
/athletes/12250373,Herrada Jose
/athletes/12250373,Herrada Jose
/athletes/1760759,Hindley Jai
/athletes/4475615,Hirschi Marc
/athletes/407316,Hjorth Jonas
/athletes/8449290,Hoekstra Jochem
/athletes/806678,Hofland Moreno
/athletes/8843343,Hofstede Lennard
/athletes/10847439,Hofstetter Hugo
/athletes/16082555,Holland Michael
/athletes/194039,Hollanders Dries
/athletes/19150197,Hollenstein Reto
/athletes/26853748,Hollmann Juri
/athletes/4320221,Holmen Sten
/athletes/306330,Holmes Matthew
/athletes/1243195,Holstad Ludvik
/athletes/340943,Honig Reinier
/athletes/270912,Honore Mikkel Frolich
/athletes/3979847,Hoole Daan
/athletes/288769,Houle Hugo
/athletes/173213,House Kristian
/athletes/9191302,Howard Leigh
/athletes/11673347,Howes Alex
/athletes/7461891,Hrinkow Dominik
/athletes/323139,Hucker Robbie
/athletes/120454,Huffman Evan
/athletes/3352880,Hunal Martin
/athletes/807761,Hunt Joshua
/athletes/2547704,Hupond Thierry
/athletes/2283295,Hurel Tony
/athletes/1714205,Impey Daryl
/athletes/4000084,Irisarri Jon
/athletes/3849758,Irizar Julen
/athletes/1245134,Jabuka David
/athletes/461374,Jacobs Johan
/athletes/461374,Jacobs Johan
/athletes/13041045,Jacobs Pieter
/athletes/1015750,Jans Roy
/athletes/3402367,Janse Van Rensburg Jacques
/athletes/3952107,Janse Van Rensburg Reinardt
/athletes/935159,Janssen Dick
/athletes/12607349,Jarrier Benoit
/athletes/14689197,Jaun Lukas
/athletes/4334886,Jauregui Quentin
/athletes/2026466,Jeandesboz Fabrice
/athletes/18311935,Jensen August
/athletes/2502559,Jensen Christer
/athletes/108291,Jones Richard
/athletes/557974,Jorgenson Matteo
/athletes/4037777,Journiaux Axel
/athletes/49597893,Jungels Bob
/athletes/49597893,Jungels Bob
/athletes/27486404,Kaczmarek Jakub
/athletes/4124709,Kaise Julien
/athletes/5183062,Kalaba Dusan
/athletes/27168877,Kamal Ameer
/athletes/15336498,Kamp Ryan
/athletes/111075,Kampers Aidan
/athletes/995060,Kastemyr Pontus
/athletes/17772086,Kaygisiz Zeki
/athletes/2835838,Keisse Iljo
/athletes/4894864,Keizer Martijn
/athletes/479385,Kelderman Wilco
/athletes/28378612,Kelemen Petr
/athletes/287560,Kelly Jake
/athletes/3310092,Kennaugh Peter
/athletes/543083,Kerkhof Tim
/athletes/8075081,Keukeleire Jens
/athletes/3732430,Kielich Timo
/athletes/50757,King Ben
/athletes/67614011,Kiral Nevzat
/athletes/2590526,Kirsch Alex
/athletes/1652424,Kleiman Wim
/athletes/6913247,Klisuric Stevan
/athletes/14746523,Kluckers Arthur
/athletes/22377272,Kluge Roger
/athletes/7477356,Knapp Mauricio
/athletes/2355371,Knaup Tobias
/athletes/2455522,Knees Christian
/athletes/2060213,Kneisky Morgan
/athletes/4383617,Knotten Iver
/athletes/2260636,Knox James
/athletes/1888429,Kocan Emin
/athletes/27004213,Koch Christian
/athletes/4067146,Koch Jonas
/athletes/79025475,Kochetkov Pavel
/athletes/2598348,Koep Thomas
/athletes/1825457,Kohler Martin
/athletes/6600239,Kolar Michael
/athletes/12412479,Konczer Michael
/athletes/30937252,Kondic Marko
/athletes/3481562,Konovalovas Ignatas
/athletes/4571461,Konrad Patrick
/athletes/1449637,Kooijman Jaap
/athletes/4805595,Kooistra Marten
/athletes/8192614,Kopfauf Markus
/athletes/2858063,Koren Kristijan
/athletes/3812366,Koshevoy Ilia
/athletes/51954855,Kostanski Mateusz
/athletes/907087,Kouwenhoven Sjoerd
/athletes/12872204,Kowalski Dylan
/athletes/26432996,Kozhatayev Bakhtiyar
/athletes/15853101,Kramarcik Pavol
/athletes/1097683,Krasilnikau Andrei
/athletes/3725855,Kreder Michel
/athletes/18606095,Kreder Wesley
/athletes/4990772,Krijnsen Jelte
/athletes/5030637,Krijnsen Jobbe
/athletes/9232885,Kristoff Alexander
/athletes/5951478,Krul Wessel
/athletes/4215024,Kump Marko
/athletes/133606,Kung Stefan
/athletes/254096,Kuss Sepp
/athletes/1733667,Kustadinchev Roman
/athletes/3130356,Kvasina Matija
/athletes/7348371,Ladagnous Matthieu
/athletes/15145254,Lagutin Sergey
/athletes/7670079,Laib Simon
/athletes/182595,Lake Sean
/athletes/8914422,Lambrecht Bjorg
/athletes/11477652,Lammertink Maurits
/athletes/12509175,Lamon Francesco
/athletes/4865386,Lamy Serge
/athletes/1454785,Langellotti Victor
/athletes/5728748,Langham Jacob
/athletes/2381099,Laochod Theerawit
/athletes/3834960,Laporte Christophe
/athletes/5922739,Larsen Niklas
/athletes/7347052,Latour Pierre
/athletes/7752441,Lau Wan Yau Vincent
/athletes/295073,Lawless Chris
/athletes/1836077,Le Gac Olivier
/athletes/69561580,Leamjam Worathap
/athletes/68795098,Ledanois Kevin
/athletes/1381813,Lehaen Dries
/athletes/425168,Leigh Andy
/athletes/10163092,Leipins Emil
/athletes/1723156,Leleu Antoine
/athletes/37264164,Lemanski Hubert Lukasz
/athletes/1880115,Lemoine Cyril
/athletes/1150402,Lemus Luis
/athletes/1717583,Lennertz Sam
/athletes/5508012,Lennon Tim
/athletes/2921938,Leone Davide
/athletes/18193865,Leplingard Antoine
/athletes/19007071,Levarlet Guillaume
/athletes/1707436,Lewis Bryan
/athletes/10163092,Liepins Emils
/athletes/1631175,Lietaer Eliot
/athletes/699991,Ligthart Pim
/athletes/48305477,Limsuwattanapong Kittikun
/athletes/7038403,Lindeman Bert-Jan
/athletes/1022886,Lindsey Dylan
/athletes/1155086,Lindtveit Aasmund
/athletes/1614461,Livyns Arjen
/athletes/1443319,Lizarralde Eneko
/athletes/7775962,Lizde Seid
/athletes/1585629,Logar Tadej
/athletes/6611388,Logica Enrico
/athletes/1711077,Logier Jan
/athletes/9980001,Looij Andre
/athletes/2971302,Lopez David
/athletes/10540869,Lopez Jordi
/athletes/16983403,Losada Alberto
/athletes/13388155,Losev Ilya
/athletes/1517299,Loubet Julien
/athletes/7257634,Lourenco Rafael
/athletes/1413353,Loustaunou Nicolas
/athletes/2009928,Lowndes Jason
/athletes/2359395,Loy Antoine
/athletes/101212,Lozano David
/athletes/773089,Ludvigsson Fredrik
/athletes/2420222,Ludvigsson Tobias
/athletes/13275174,Luksevics Viesturs
/athletes/787499,Lunke Sindre
/athletes/19220743,Lutsenko Alexey
/athletes/1125289,Maas Jan
/athletes/3368367,Machado Tiago
/athletes/2404608,Madouas Valentin
/athletes/9176921,Maes Nikolas
/athletes/4391154,Maison Jeremy
/athletes/1704148,Maitre Florian
/athletes/4846655,Maka Omer
/athletes/8371417,Malacarne Davide
/athletes/7094559,Malatsetxebarria Oskar
/athletes/1123921,Malbreil Romain
/athletes/27804527,Malkowski Artur
/athletes/9300551,Malovec Lubos
/athletes/1386541,Manarelli Carlos
/athletes/901577,Mancebo Francisco
/athletes/2667128,Maniezzo Alan
/athletes/10145310,Mannaerts Jelle
/athletes/277422,Mannion Gavin
/athletes/5579361,Marangoni Alan
/athletes/6898466,Marcato Marco
/athletes/10099586,Marcelli Mattia
/athletes/4278653,Marguet Tristan
/athletes/3926136,Marin Matej
/athletes/2128406,Marini Nicolas
/athletes/11151360,Marinozzi Alessandro
/athletes/1484637,Marquez Marti
/athletes/2992543,Martin Guillaume
/athletes/19404127,Martinelli Alessio
/athletes/7011021,Martinez Yannick
/athletes/6369293,Martingil Cesar
/athletes/1592337,Mas Lluis
/athletes/1028372,Masbourian Nicolas
/athletes/5858380,Masson Christophe
/athletes/4936138,Mastaller Stefan
/athletes/2730001,Mate Luis Angel
/athletes/5103065,Mathis Marco
/athletes/367688,McCabe Travis
/athletes/463766,Mcgeough Cormac
/athletes/3368401,Mcnally Mark
/athletes/1126469,McNulty Brandon
/athletes/990833,McQuerry Justin
/athletes/8264524,Meersman Gianni
/athletes/2219780,Menten Milan
/athletes/425078,Menut David
/athletes/11716828,Mercken Kenneth
/athletes/5727288,Merlier Tim
/athletes/3983163,Mertens Julian
/athletes/3779571,Mertz Nicolas
/athletes/2604562,Mertz Remy
/athletes/10545603,Meurisse Xandro
/athletes/3613487,Mezgec Luka
/athletes/4569168,Milan Diego
/athletes/59008,Miller Carson
/athletes/15718993,Minali Riccardo
/athletes/6315523,Miranda Anthony
/athletes/3459281,Mizuno Kyohei
/athletes/13857524,Mizuno Takayuki
/athletes/27129740,Modolo Sacha
/athletes/28696326,Mohd Bakri Sofian Nabil
/athletes/4040441,Mohoric Matej
/athletes/1759446,Molard Rudy
/athletes/21183491,Molenaar Alex
/athletes/7285895,Molly Kenny
/athletes/4020299,Moncomble Nicolas
/athletes/1904365,Monfort Maxime
/athletes/3011996,Monsalve Yonathan
/athletes/2424131,Montaguti Matteo
/athletes/18847841,Montenegro Jorge
/athletes/11696164,Montoya Cristhian
/athletes/183673,Morabito Steve
/athletes/14950750,Morandi Michael
/athletes/19965673,Moreira Francisco
/athletes/1514051,Moreno Daniel
/athletes/5366934,Moreno Ivan
/athletes/4044192,Moreno Javier
/athletes/5106272,Morice Julien
/athletes/9180611,Morin Emmanuel
/athletes/3813861,Morton Lachlan
/athletes/2634970,Mosca Jacopo
/athletes/3100044,Moscon Gianni
/athletes/166790,Mostov Zeke
/athletes/6731460,Mottier Justin
/athletes/1393263,Mould Jon
/athletes/8130133,Movchan Sergii
/athletes/307079,Mullen Ryan
/athletes/395702,Muller Patrick
/athletes/63258072,Mulubrhan Henok
/athletes/2186445,Mundy Isaac
/athletes/39886914,Munoz Daniel
/athletes/15654460,Muraro Michele
/athletes/19953500,Murn Bostjan
/athletes/1849305,Murphy Evan
/athletes/3569497,Murphy Kyle
/athletes/1615171,Myngheer Daan
/athletes/439826,Naesen Lawrence
/athletes/440227,Naesen Oliver
/athletes/1186810,Nally Joe
/athletes/12326020,Napolitano Danilo
/athletes/8119403,Narbonne Axel
/athletes/5662708,Narciso Diogo
/athletes/1123590,Nardelli Stefano
/athletes/4015192,Nardin Alberto
/athletes/12243285,Neilands Krists
/athletes/9297349,Nepomnyachshiy Yevgeniy
/athletes/2644906,Neves Fernandes Jose Carlos Prates
/athletes/579015,Newkirk Isaiah
/athletes/7634435,Nezerka Vaclav
/athletes/1785181,Nibali Antonio
/athletes/8842341,Nibali Vincenzo
/athletes/17063958,Niemiec Przemyslaw
/athletes/2935665,Nieuwenhuis Joris
/athletes/5681904,Nika Iltjan
/athletes/766604,Nishizono Ryota
/athletes/4748635,Niv Guy
/athletes/7110417,Nocentini Rinaldo
/athletes/1964619,Noppe Christophe
/athletes/188882,Noriega Diego
/athletes/3983783,Norsgaard Mathias
/athletes/24568710,Nowak Florian
/athletes/1685848,Nunes Diogo
/athletes/10505899,Occhialini Matteo
/athletes/4097457,O'Connor Ben
/athletes/4097457,O'Connor Ben
/athletes/103008,Oien Justin
/athletes/52149519,Okamoto Hayato
/athletes/1890488,Olaberria Pello
/athletes/2064932,Olesen Patrick
/athletes/1366105,Oliveira Nelson
/athletes/6461835,Oliveto Samuele
/athletes/791821,Olivier Daan
/athletes/1497715,O'Loughlin Michael
/athletes/4258317,Oomen Sam
/athletes/9055,Opie Chris
/athletes/262593,Oram James
/athletes/17580784,Orjuela Fernando
/athletes/664724,Oronte Emerson
/athletes/4951011,Orsini Umberto
/athletes/14566526,Osorio Alejandro
/athletes/690926,Oss Daniel
/athletes/1327904,Ottema Rick
/athletes/439230,Owen Logan
/athletes/2543430,Paasschens Mathijs
/athletes/1401877,Pacher Quentin
/athletes/674734,Pachon Oscar Mauricio
/athletes/1045373,Page Dylan
/athletes/2463807,Pagnaer Arthur
/athletes/7017757,Pailler Yoann
/athletes/9011089,Palumby Zsombor
/athletes/15962338,Paluta Michal
/athletes/22906462,Pantano Jarlinson
/athletes/6324145,Paquot Tom
/athletes/1821678,Paret-Peintre Aurelien
/athletes/3037336,Paroz Justin
/athletes/8957167,Partridge Rob
/athletes/2941670,Pasche Frank
/athletes/3613958,Pate Danny
/athletes/1060821,Paton Alex
/athletes/1003912,Pavlic Marko
/athletes/1710863,Pedretti Giovanni
/athletes/23501632,Pekovsek Aljaz
/athletes/1783166,Pellaud Simon
/athletes/12125722,Pellizotti Franco
/athletes/4348932,Pellizotti Franco
/athletes/2386784,Peng Yuan Tang
/athletes/3284087,Per Gorazd
/athletes/1678917,Perez Anthony
/athletes/12388271,Perichon Pierre-Luc
/athletes/812782,Perry Benjamin
/athletes/14045362,Persico Davide
/athletes/18383172,Pestiaux Yann
/athletes/1662541,Peters Nans
/athletes/1044197,Petit Tomas
/athletes/1350983,Petrache Marius
/athletes/13600123,Petrini Francesco
/athletes/1747204,Peyskens Dimitri
/athletes/812093,Phelan Adam
/athletes/1727324,Philipsen Jasper
/athletes/62129229,Philipsen Jasper
/athletes/1703812,Piccoli James
/athletes/4046772,Pichon Laurent
/athletes/13863932,Pichot Alexandre
/athletes/16345903,Pidcock Thomas
/athletes/16345903,Pidcock Tom
/athletes/1714026,Pigeon Hugo
/athletes/7768341,Pinheiro Ivo
/athletes/1603067,Pinot Thibaut
/athletes/2159786,Pinto Pedro
/athletes/415170,Piper Cameron
/athletes/5246440,Pirard Maxim
/athletes/11922132,Pirazzi Stefano
/athletes/5767125,Piry Christopher
/athletes/1644494,Planckaert Baptiste
/athletes/1644494,Planckaert Baptiste
/athletes/2399162,Plarre Matthias
/athletes/28186725,Plebani Davide
/athletes/14491435,Poli Umberto
/athletes/2592883,Politt Nils
/athletes/19985181,Poljanski Pawel
/athletes/1308857,Polnicky Jiri
/athletes/3795664,Pols Ruben
/athletes/19462108,Pongiluppi Matteo
/athletes/2181237,Ponzi Simone
/athletes/6072239,Porte Richie
/athletes/543836,Power Robert
/athletes/543836,Power Robert
/athletes/1557033,Powless Neilson
/athletes/6759023,Pozza Ettore
/athletes/1726021,Pozzo Mattia
/athletes/2931595,Prades Benjamin
/athletes/9389733,Prades Eduard
/athletes/2919589,Premont Christophe
/athletes/1885678,Pujol Oscar
/athletes/215341,Pym George
/athletes/1616670,Quarterman Charlie
/athletes/1616670,Quarterman Charlie
/athletes/416196,Quemeneur Perrig
/athletes/2399239,Quinziato Manuel
/athletes/31824606,Quispe Alain
/athletes/1553967,Raffaele Angelo
/athletes/1737651,Raggio Luca
/athletes/2469093,Raim Mihkel
/athletes/124537,Randall Ricky
/athletes/2746570,Rasch Jesper
/athletes/2116733,Rast Gregory
/athletes/2569414,Rato Mauro
/athletes/5202715,Ratto Daniele
/athletes/5754904,Ravasi Edward
/athletes/850495,Reichenbach Sebastien
/athletes/3372719,Reiter Daniel
/athletes/5915515,Renard Alexis
/athletes/3486387,Renault Baptiste
/athletes/2863604,Renault Maxime
/athletes/1813604,Repse Uros
/athletes/6015967,Reutter Sven
/athletes/77293819,Rex Laurenz
/athletes/13139691,Reynaerts Jan
/athletes/13139879,Reynaerts Wim
/athletes/3989143,Reza Kevin
/athletes/2570032,Ribeiro David
/athletes/3532799,Ribeiro Raul
/athletes/2426215,Richeux Florian
/athletes/2738100,Rickaert Jonas
/athletes/4548902,Riou Alan
/athletes/7613249,Rivera Brandon Smith
/athletes/19317173,Rivera Kevin
/athletes/1318288,Robbins Tristan
/athletes/3564229,Robeet Ludovic
/athletes/9830847,Roberge Adam
/athletes/2175978,Robredo Alvaro
/athletes/1641536,Rocchetta Cristian
/athletes/3516359,Rocha Joao
/athletes/1171187,Roche Alexis
/athletes/29960839,Roche Nicolas
/athletes/1128471,Rodriguez Sergio
/athletes/12491433,Rolland Jules
/athletes/1059100,Roman Aleksandar
/athletes/20385823,Rombouts Seppe
/athletes/1515613,Roosen Timo
/athletes/25190926,Rosa Diego
/athletes/259456,Ross Mathew
/athletes/27036849,Rossetto Stephane
/athletes/285611,Rosskopf Joey
/athletes/3060324,Rotty Glenn
/athletes/1655561,Roy Jeremy
/athletes/25975182,Ruijgh Rob
/athletes/13232746,Rusnac Maxim
/athletes/2905866,Russo Clement
/athletes/2454218,Salerno Cristiano
/athletes/26366769,Samolenkov Artem
/athletes/1864043,Samuel Travis
/athletes/2915301,Sanchez Angel
/athletes/10969423,Santos Efren
/athletes/18712863,Sarabia Ignacio
/athletes/8659102,Sarghe Florin
/athletes/4259094,Sarreau Marc
/athletes/5946928,Scalvinoni Andrea
/athletes/1308237,Scartezzini Michele
/athletes/12453572,Schafer Timo
/athletes/4056436,Schelling Ide
/athletes/1059089,Schelling Patrick
/athletes/10757845,Schinnagel Johannes
/athletes/2173771,Schmidt Fabien
/athletes/16380,Schmitt Morgan
/athletes/8660318,Schnapka Matthias
/athletes/4402594,Schneiter Joab
/athletes/1676160,Schnyder Lars
/athletes/1306931,Schoonbroodt Bob
/athletes/438422,Schouten Remco
/athletes/1871528,Schreiber Manuel
/athletes/358580,Schultz Nick
/athletes/37431444,Scotson Miles
/athletes/37431444,Scotson Miles
/athletes/242028,Segers Joren
/athletes/6038463,Seigle Romain
/athletes/3862386,Sellier Simon
/athletes/50712000,Semenov Alexandr
/athletes/13194699,Sepulveda Eduardo
/athletes/1483301,Sergent Jesse
/athletes/1832492,Serry Pieter
/athletes/644524,Sessler Nicolas
/athletes/14695172,Sevilla Oscar
/athletes/65131,Shelden Taylor
/athletes/11986678,Silva Juliano
/athletes/20483031,Simao Ruben
/athletes/2176156,Simion Paolo
/athletes/4375151,Simmons Quinn
/athletes/4375151,Simmons Quinn
/athletes/2237545,Simon Julien
/athletes/1041508,Simpson George
/athletes/17916554,Sinkeldam Ramon
/athletes/11777612,Sinner Benoit
/athletes/7344078,Siskevicius Evaldas
/athletes/1808024,Sivakov Pavel
/athletes/766773,Skjerping Kristoffer
/athletes/15566730,Slawek Damian
/athletes/1789806,Slik Ivar
/athletes/1706312,Smit Willie
/athletes/1323252,Smith Dion
/athletes/130315,Soete Daan
/athletes/1996868,Soler Marc
/athletes/2159156,Soupe Geoffrey
/athletes/1408559,Sprengers Thomas
/athletes/16713717,Stajnar Mihael
/athletes/270536,Stannus Jordan
/athletes/3491673,Stassen Julien
/athletes/22389237,Stedman Maximilian
/athletes/1325926,Steels Stijn
/athletes/18800845,Steigner Kilian
/athletes/2380075,Steimle Jannik
/athletes/320276,Stephens Austin
/athletes/9517868,Sterbini Simone
/athletes/3645709,Stetina Peter
/athletes/44273,Stevens Timothy
/athletes/17096447,Stewart Jake
/athletes/4107267,Stokbro Andreas
/athletes/33232423,Stork Florian
/athletes/33232423,Stork Florian
/athletes/3167614,Stussi Colin
/athletes/3167614,Stussi Colin
/athletes/288335,Stuyven Jasper
/athletes/3098981,Suarez Kevin
/athletes/1484651,Sulzberger Bernard
/athletes/1660424,Sunderland Dylan
/athletes/2067908,Sureda Jaume
/athletes/2582117,Sutterlin Jasha
/athletes/6832301,Sutton Jack
/athletes/30872464,Suzuki Yuzuru
/athletes/4095066,Swaczyna Petr
/athletes/553718,Sweeck Laurens
/athletes/1476851,Swift Ben
/athletes/863203,Swift Connor
/athletes/3512815,Swirbul Keegan
/athletes/11003971,Szabo Miklos
/athletes/7861219,Szentpeteri Andras
/athletes/7097955,Talbot Ian
/athletes/12478124,Taminiaux Lionel
/athletes/3500097,Tankink Bram
/athletes/1134899,Tanner Jake
/athletes/6154068,Taschin Luca
/athletes/16662328,Tasevski Marjan
/athletes/6390566,Teggart Matthew
/athletes/5572284,Teixeira Pedro
/athletes/186522,Ten Dam Laurens
/athletes/791886,Terpstra Mike
/athletes/340874,Terpstra Niki
/athletes/3100262,Teruel Eloy
/athletes/8893052,Teshome Meron
/athletes/1419979,Teunissen Mike
/athletes/6144218,Teychenne Mathieu
/athletes/1668485,Theuns Edward
/athletes/4011216,Thewphaingarm Nattakrit
/athletes/3417988,Thijssen Gerben
/athletes/1700745,Thomas Benjamin
/athletes/2195375,Thomson Jay Robert
/athletes/269031,Thwaites Scott
/athletes/7279009,Tietema Bas
/athletes/7588682,Tiryaki Oguzhan
/athletes/7171877,Tjallingii Maarten
/athletes/2008467,Tjotta Martin
/athletes/1039712,Tolhoek Antwan
/athletes/3194779,Tonelli Alessandro
/athletes/915323,Torres Pablo
/athletes/26518552,Torres Rodolfo Andres
/athletes/12077347,Toto Paolo
/athletes/3296631,Toudal Emil
/athletes/4496597,Townsend Rory
/athletes/1729691,Trarieux Julien
/athletes/1634801,Tronet Steven
/athletes/3027493,Trosino Mirko
/athletes/1769313,Troy Arthur
/athletes/8358827,Tulett Ben
/athletes/8358827,Tulett Ben
/athletes/1004276,Tunset Anton
/athletes/2716222,Turek Daniel
/athletes/10414359,Turgis Jimmy
/athletes/7018255,Turgot Sebastien
/athletes/18956034,Turner Ben
/athletes/648928,Tusveld Martijn
/athletes/7006555,Uchima Kohei
/athletes/1670102,Udondo Gotzon
/athletes/13682757,Urianstad Martin
/athletes/3138857,Urruty Maxime
/athletes/7638203,Vaidem Josten
/athletes/9611762,Vaidian Iustin-Ioan
/athletes/2109462,Valgren Michael
/athletes/1734388,Valiente Eric
/athletes/11153908,Valvasori Larry
/athletes/189040,Van Aert Wout
/athletes/387215,Van Asbroeck Tom
/athletes/287820,Van Avermaet Greg
/athletes/490505,Van Baarle Dylan
/athletes/1651134,Van Den Berg Julius
/athletes/1304350,Van der Lijke Nick
/athletes/542394,Van der Poel David
/athletes/559834,Van Der Poel Mathieu
/athletes/1750959,Van Der Sande Tosh
/athletes/7660926,Van Emden Jos
/athletes/1149352,Van Empel Etienne
/athletes/3391355,Van Garderen Tejay
/athletes/977127,Van Ginneken Sjoerd
/athletes/1644751,Van Hecke Preben
/athletes/1615119,Van Hoecke Gijs
/athletes/957045,Van Kessel Corne
/athletes/18497728,Van Luijk Sven
/athletes/4227606,Van Melsen Kevin
/athletes/3436109,Van Poppel Danny
/athletes/3436109,Van Poppel Danny
/athletes/7967844,Van Poucke Aaron
/athletes/2320894,Van Staeyen Michael
/athletes/13125039,Van Wilder Ilan
/athletes/1285489,Van Zandbeek Ronan
/athletes/280302,Van Zyl Johann
/athletes/2393015,Vanbilsen Kenneth
/athletes/15687996,Vandale Danick
/athletes/9951862,Vandebosch Toon
/athletes/6398824,Vandenabeele Henri
/athletes/8201227,Vandeputte Niels
/athletes/1640698,Vandewiele Frederik
/athletes/50751280,Vanendert Jelle
/athletes/14929135,Vanhoof Ward
/athletes/3416738,Vanhoucke Harm
/athletes/164676,Vanthourenhout Dieter
/athletes/24668658,Vauquelin Kevin
/athletes/1546243,Veikkanen Jussi
/athletes/3302796,Venter Jaco
/athletes/1231348,Ventoso Francisco Jose
/athletes/1932146,Venturini Clement
/athletes/5368501,Vereecken Thomas
/athletes/2307555,Verhelst Louis
/athletes/29140444,Vermaerke Kevin
/athletes/9421925,Vermeersch Florian
/athletes/1978998,Vermeersch Gianni
/athletes/320095,Vermeulen Alexey
/athletes/2348563,Vernon Ethan
/athletes/1405137,Verona Carlos
/athletes/385469,Verstraeten Jari
/athletes/1123635,Vervaeke Louis
/athletes/13084830,Verwilst Aaron
/athletes/1522671,Vichot Arthur
/athletes/4753119,Vilela Ricardo
/athletes/1756844,Villella Davide
/athletes/1583721,Vinhas Rui
/athletes/7546381,Viola Antonio
/athletes/13026306,Viola Michele
/athletes/2957348,Visconti Giovanni
/athletes/1191422,Voss Arnaud
/athletes/1934385,Vuillermoz Alexis
/athletes/2569508,Walker Joey
/athletes/16345356,Wallays Jelle
/athletes/2323575,Walscheid Max
/athletes/2323575,Walschied Max
/athletes/10574297,Walzel Andreas
/athletes/197359,Warbasse Larry
/athletes/19342022,Warlop Jordi
/athletes/2012951,Warnier Antoine
/athletes/366860,Wellens Tim
/athletes/6238618,Welsford Sam
/athletes/16358800,Welten Bram
/athletes/1321140,Westgaard Kristoffer
/athletes/3356275,Whelan Jimmy
/athletes/7052212,Willems Kenny
/athletes/174573,Williams Tyler
/athletes/661964,Wilson Jack
/athletes/2014906,Winn Chris
/athletes/5649524,Winter Nicolas
/athletes/3756850,Wisniowski Lukasz
/athletes/247602,Wolfe Ben
/athletes/22467295,Wolsink Jelle
/athletes/425147,Woods Michael
/athletes/2354787,Wouters Enzo
/athletes/25495602,Wright Fred
/athletes/1595479,Wright Jake
/athletes/2109406,Wurtz Schmidt Mads
/athletes/576925,Wynants Maarten
/athletes/2599710,Wyss Danilo
/athletes/4208652,Yamee Anansit
/athletes/14359098,Yokotsuka Kohei
/athletes/29939963,Yoshioka Naoya
/athletes/22699522,Yssaad Yannis
/athletes/1921527,Zabala Josu
/athletes/2557063,Zabel Rick
/athletes/11718704,Zahalka Matej
/athletes/39212157,Zahiri Abderrahim
/athletes/1837842,Zanardini Andrea
/athletes/1676655,Zandio Xabier
/athletes/1719113,Zanotti Marco
/athletes/13393892,Zeits Andrey
/athletes/440592,Zepuntke Ruben
/athletes/5284986,Zimmermann Georg
/athletes/14799,Zirbel Tom
/athletes/23274578,Zoraja Uros
/athletes/4899033,Zubenko Mykyta
/athletes/154719,Zwizanski Scott
/athletes/13674,Bevin Patrick
/athletes/17063958,Niemiec Przemyslaw
/athletes/676750,Van Der Hoorn Taco
/athletes/6136669,Kusztor Peter
/athletes/1949009,Mainard Jerome
/athletes/15592924,Marycz Jaroslaw
/athletes/51171758,De La Fuente David
/athletes/1988322,Nordhaug Lars Petter
/athletes/146508,Jones Chris
/athletes/5022598,De Jonge Maarten
/athletes/983865,Moses Thomas
/athletes/7077981,Bouvry Dieter
/athletes/15455128,Centrone Ivan
/athletes/3958686,Dieleman Michiel
/athletes/1871727,Latham Christopher
/athletes/576797,Galta Fredrik Strand
/athletes/1377183,Bescond Jeremy
/athletes/1923830,Lecuisinier Pierre-Henri
/athletes/604363,Raymackers Cedric
/athletes/7153655,Dakteris Janis
/athletes/7488511,De Mesmaeker Kevin
/athletes/19308295,De Vylder Lindsay
/athletes/3251421,Summerhill Daniel
/athletes/2031555,Van Dingenen Jordi
/athletes/222024,Lampier Steven
/athletes/3809075,Ramalho Andre
/athletes/1617214,De Almeida Guillaume
/athletes/1011099,Mcconvey Connor
/athletes/2870719,Gjolberg Adrian
/athletes/3450700,Hermansen Sindre Eid
/athletes/7366703,Barker Yanto
/athletes/1594721,Poutsma Stefan
/athletes/36175082,Orosz Gergo
/athletes/3873467,Vekeman Maxime
/athletes/7882882,Ferreira Helder
/athletes/2756988,Lane Patrick
/athletes/10994778,Lauk Karl Patrick
/athletes/218542,Van Den Berg Jim
/athletes/610985,Van Ijzendoorn Rik
/athletes/5794717,Holohan Liam
/athletes/1294349,Soladay Thomas
/athletes/367986,Mccutcheon Connor
/athletes/24492968,Munoz William David
/athletes/61403,De Luna Flavio
/athletes/31444858,Rober Dominik
/athletes/26726869,Aranburu Jokin
/athletes/1226078,Duenas Moises
/athletes/3817932,Roth Ryan
/athletes/3209994,Martin Sergio Roman
/athletes/1085397,Van De Vall Lars
/athletes/12380415,Garcia Jose Antonio
/athletes/758154,Van Amerongen Thijs
/athletes/5220947,Rogina Radoslav
/athletes/44778602,Dlamini Nic
/athletes/1993938,Castelijns Twan
/athletes/359668,Voss Paul
/athletes/1067203,Van Meirhaeghe Jef
/athletes/7252861,Spokes Samuel
/athletes/621446,Brungger Nico
/athletes/3393851,Brown Graeme Allen
/athletes/1959152,Grijalba Fernando
/athletes/6137589,Degenkolb John
/athletes/51821945,Berhane Natnael
/athletes/3398184,Dennis Rohan
/athletes/80562525,Alaphilippe Julian
/athletes/1514397,Uran Rigoberto
/athletes/1638125,Devriendt Tom
/athletes/15034424,Stannard Ian
/athletes/6068080,Beppu Fumiyuki
/athletes/280368,Doull Owain
/athletes/2002069,Chetout Loic
/athletes/25605566,Bisolti Alessandro
/athletes/504326,Mendes Jose
/athletes/5449025,Martinelli Davide
/athletes/5756381,Vosekalns Andris
/athletes/31541211,Planckaert Edward
/athletes/3682260,Cieslik Pawel
/athletes/1323548,Spengler Lukas
/athletes/10190628,Hamilton Lucas
/athletes/3678575,Santoro Antonio
/athletes/6244806,Pernsteiner Hermann
/athletes/372963,Murphy John
/athletes/1689244,Tedeschi Mirko
/athletes/269159,Breen Vegard
/athletes/1709357,Silva Rafael
/athletes/1870786,Raibaud Jimmy
/athletes/433483,Ciolek Gerald
/athletes/7194744,Lang Pirmin
/athletes/4848585,Westra Lieuwe
/athletes/2741237,Fournier Marc
/athletes/40535852,Bevilacqua Simone
/athletes/10417184,Kustadinchev Roman
/athletes/13232489,Salmon Martin
/athletes/1358145,Acevedo Janier
/athletes/4539783,Silva Daniel
/athletes/7346526,Silva Daniel
/athletes/4969603,Gabburo Davide
/athletes/704876,Walsleben Philipp
/athletes/7754375,Koretzky Clement
/athletes/1762228,Bakker Dennis
/athletes/8116003,Paulus Dennis
/athletes/13743326,Fedi Andrea
/athletes/653590,Freitas Daniel
/athletes/3832097,Stockman Michiel
/athletes/3579677,Soballa Carl
/athletes/3143646,Robert Frederique
/athletes/786773,Groen Ike
/athletes/335551,Stauff Andreas
/athletes/16267373,Mygind Rasmus
/athletes/6750347,Meeus Jordi
/athletes/2273574,Vaccher Andrea
/athletes/1497715,O'Loughlin Michael
/athletes/2164487,Boulo Matthieu
/athletes/277038,Eijssen Yannick
/athletes/6225992,Canal Fabien
/athletes/6157213,Cammaerts Edwig
/athletes/1817534,Folsach Casper
/athletes/3885145,Vanderaerden Massimo
/athletes/353616,Landa Oscar
/athletes/4161323,Gonzalez Oscar
/athletes/434588,Bommel Henning
/athletes/5729422,Backofen Moritz
/athletes/2521048,Sekanina Adam
/athletes/2240784,Naud Pierrick
/athletes/2620153,Schweizer Christoph
/athletes/8936961,Gunst Davy
/athletes/2489224,Rege Even
/athletes/1455297,Janssen Yannick
/athletes/7339356,Pietrula Nicolas
/athletes/9870835,Weinzheimer Richard
/athletes/893403,Euser Lucas
/athletes/1439295,Dekker David
/athletes/77839,Zuazubiskar Illart
/athletes/210285,Stevic Ivan
/athletes/720440,Lundgren Isac
/athletes/7623685,Kanerva Hiski
/athletes/2540343,Anciaux Maxime
/athletes/5130366,Pung Peeter
/athletes/9954298,Piashkun Andrei
/athletes/12312674,Batek Dariusz
/athletes/189106,Martz Alder
/athletes/615575,Barbosa Marcio
/athletes/13345752,Staniszewski Daniel
/athletes/2066063,Beneke Calvin
/athletes/65603044,Gamper Mario
/athletes/1962496,James Owen
/athletes/18820740,Chamorro Francisco
/athletes/1940001,Madsen Kristoffer
/athletes/807077,Vanthourenhout Michael
/athletes/13392597,Mini Emanuel
/athletes/7108571,Touquet Joren
/athletes/12714388,Alizadeh Hossein
/athletes/5828297,Tomio Giacomo
/athletes/7598115,Yeung Ronald
/athletes/1125264,Papillon Lucas
/athletes/515532,Porter Elliott
/athletes/41519356,Sterbini Luca
/athletes/4021104,Leduchowski Aleksander
/athletes/9931684,Suarez Kevin
/athletes/2590522,Reimer Martin
/athletes/2308637,Olieslagers Bob
/athletes/12242189,Sprenger Michael
/athletes/3562971,Theodorsen Petter
/athletes/359733,Mclaughlin James
/athletes/1408641,Jaromin Piotr
/athletes/10045532,Razumov Nikita
/athletes/3533526,Guichard Mickael
/athletes/13369391,Sobrino Joaquin
/athletes/5398390,Carpentier Adrien
/athletes/10357612,Uwizeyimana Bonaventure
/athletes/1462159,Bosmans Wietse
/athletes/1385437,Talen Jordi
/athletes/4957556,Iserbyt Eli
/athletes/14341117,Marchetti Moreno
/athletes/3850035,Flet Axel
/athletes/3533779,Vanreyten Joachim
/athletes/4322531,Poljanec Miha
/athletes/8325692,Poljanec Miha
/athletes/1160623,Dielissen Bart
/athletes/615323,Kristoffersen Anders
/athletes/12042761,Sagnier Theo
/athletes/9792054,Gabay Guy
/athletes/6338996,Duculty Bastien
/athletes/568309,Stokkenes Torstein
/athletes/878149,Bengtsson Filip
/athletes/7359845,Decoster Merlijn
/athletes/3561068,Kerrison Jesse
/athletes/3613394,Dekker Sjors
/athletes/1171857,Tintori Devid
/athletes/5021158,Pereira Joao
/athletes/349165,Davey James
/athletes/14582819,Satlikov Maxim
/athletes/296532,Gough Fraser
/athletes/9909039,Lestido Martin
/athletes/12457699,Breyne Jonathan
/athletes/1424847,Appleby Dale
/athletes/1987398,Rodenburg Tim
/athletes/2600868,Oelerich Jan
/athletes/6034850,Zhumakan Alisher
/athletes/3816814,Sylvestre Yolan
/athletes/3829800,Valinho Victor
/athletes/4106915,Nederlof Lex
/athletes/3674839,Diener Mike
/athletes/2253843,Kenyeres Abel
/athletes/5856704,Rigollot Mathieu
/athletes/3270906,Vaitkus Tomas
/athletes/13198686,Roman Martial
/athletes/11248326,Reis Rasim
/athletes/3749844,Marques Jorge
/athletes/6716502,Lechner Petr
/athletes/783948,Groen Dex
/athletes/2694365,Mottet Florent
/athletes/1906171,Bertazzo Omar
/athletes/6376438,Delvaux Guillaume
/athletes/798708,Cremers Paul
/athletes/3843801,Najs Jakub
/athletes/5200865,Haas Christian
/athletes/7914738,Christensen Mads
/athletes/1517413,Ribeiro Carlos
/athletes/574093,Foltyn Jakub
/athletes/2270582,Merseburg Dominik
/athletes/1367247,Franckaert Gregory
/athletes/1627987,Pacot Alexandre
/athletes/791428,Kline Shane
/athletes/5335869,Seny Alexandre
/athletes/1137521,Montagnoli Andrea
/athletes/3839282,Holomek Milan
/athletes/949925,Vos Jurriaan
/athletes/669175,Razingar Matej
/athletes/6153757,Goeree Rick
/athletes/4119338,Krakowiak Norbert
/athletes/7847826,Armstrong Thomas
/athletes/3856546,Baratto Jonathan
/athletes/95253,Aneca Ciske
/athletes/2463110,Primas Nicolas
/athletes/2260947,Linares Oscar
/athletes/1721458,Schweizer Michael
/athletes/5624320,Bukdal Joakim
/athletes/446406,Kamberaj Giuliano
/athletes/2343109,Knipp Niels
/athletes/2625446,Faussurier Romain
/athletes/1423725,Bossis Tom
/athletes/2212059,Gebauer Tim
/athletes/808855,Roosen Sjors
/athletes/4406913,Tanis Quentin
/athletes/1432997,Mikiver Rasmus
/athletes/1802884,Mensink Rick
/athletes/6126862,Bijak Marcin
/athletes/11903501,Viero Simone
/athletes/489028,Nankervis Tommy
/athletes/7925653,Nordkroggaard Jonas
/athletes/2513474,D'Heygere Gil
/athletes/670021,Torckler Michael
/athletes/520350,Favaro Daniel
/athletes/3571989,Deckert Sebastian
/athletes/5149126,Videika Airidas
/athletes/279096,Hahessy Sean
/athletes/1287278,Barker Felix
/athletes/1562223,Oliphant Evan
/athletes/12523602,Cianetti Nicholas
/athletes/14478908,Kobashi Yuri
/athletes/1901028,Duran Arkaitz
/athletes/493441,Horring Lars
/athletes/4517597,Leonardi Gianluca
/athletes/3980684,Drumm Felix
/athletes/1969860,Malbert Mathieu
/athletes/1730467,Wijkel Stan
/athletes/2517963,Henttala Niklas
/athletes/5327119,Sheehan Michael
/athletes/2004161,Eversdijk Matthijs
/athletes/1158227,Chenaux Adrien
/athletes/490503,Overste Matthew
/athletes/7275339,Liponne Julien
/athletes/3507188,Ambrus Nemanja
/athletes/10903772,Ippolito Stefano
/athletes/5969673,Marsman Tim
/athletes/1440561,Brown Jim
/athletes/4833862,Bolzan Riccardo
/athletes/323313,Stones Liam
/athletes/1148067,Bauer Martin
/athletes/2117454,Convens Louis
/athletes/1066877,Tournieroux Victor
/athletes/2656040,Lohuis Luuk
/athletes/353248,Wills Ryan
/athletes/3368920,Brito Hugo
/athletes/3377405,Kaduch Jan
/athletes/1897243,Racault Ronan
/athletes/1644431,Borella Federico
/athletes/145139,Tandrevold Halvor
/athletes/3128098,Haggerty Joshua
/athletes/60143625,Raugel Antoine
/athletes/9742344,Fischer Robin
/athletes/3819249,Guillot Kevin
/athletes/6227371,Ballet Mathias
/athletes/13323007,Bresciani Alessandro
/athletes/3007037,Kroonen Bastien
/athletes/8265783,Broes Michiel
/athletes/3435188,Nesveda Jiri
/athletes/1047409,Locker James
/athletes/1997560,Marcolin Matteo
/athletes/2034561,Stas Brecht
/athletes/7861437,Early James
/athletes/8280296,Kanerva Joni
/athletes/808811,Rasch Gabriel
/athletes/2959728,Olsen Andreas
/athletes/11721195,Spudil Martin
/athletes/3159179,Strobel Simon
/athletes/45101823,Walters Bailey
/athletes/4268810,Timmermans Tristan
/athletes/2409702,Stocker Manuel
/athletes/3186523,Calzaferri Thomas
/athletes/14960629,Henning Nikolaj
/athletes/1306705,Zahner Simon
/athletes/1881211,Forsby Hannes
/athletes/2585302,Manfreda Mattia
/athletes/4558654,Donesana Davide
/athletes/1328557,Richards Ian
/athletes/6441770,Cairoli Luca
/athletes/3935898,Demolder Thomas
/athletes/5806331,Georgiev Nako
/athletes/2769042,Natali Matteo
/athletes/7246488,Brenner Nico
/athletes/1688602,Gadda Fabio
/athletes/2170208,Bossens Julien
/athletes/1990748,Steger Lukas
/athletes/821695,Cooke Matt
/athletes/14290198,Hendrikx Max
/athletes/3763031,Haubruge Robin
/athletes/12176509,Lemler Tony
/athletes/13020925,Bonnet Guillaume
/athletes/7744581,Francillette Kevin
/athletes/1688567,Haemels Bavo
/athletes/974099,Grand Arnaud
/athletes/6300847,Delbaere Tijs
/athletes/2245418,Plantureux Mickael
/athletes/3050053,Capone Filippo
/athletes/7235847,Guizzetti Simone
/athletes/2850079,Carolo Andrea
/athletes/8006439,Boersma Willem
/athletes/2992280,Billyard Jack
/athletes/3333563,Debenedetti Davide
/athletes/1825205,Michiels Killian
/athletes/1527637,Verdick Gijs
/athletes/1439649,Gaboriaud Guillaume
/athletes/6654863,Bouguet Hugo
/athletes/148134,Parker Luke
/athletes/209407,Stemper James
/athletes/16019244,Stehlin Yannik
/athletes/2740900,Becret Geoffroy
/athletes/249041,Brennan Mac
/athletes/14522794,Ormiston Callum
/athletes/1692598,Navarro Thomas
/athletes/1719429,Michaud Yoann
/athletes/504765,Pullar Jack
/athletes/2925044,Scerbo Christian
/athletes/413075,Nuns Thibault
/athletes/371249,Lloyd Rhys
/athletes/6517435,Hofman Arjan
/athletes/3492761,Casier Robbe
/athletes/4035739,Piry Sebastien
/athletes/4333389,Svatek Miroslav
/athletes/295355,Hadari Zohar
/athletes/3772586,Nardelli Matteo
/athletes/663394,Schurter Nino
/athletes/2825122,Popovics Gergely
/athletes/3289313,Kweldam Nick
/athletes/7887900,Barra Francesco
/athletes/12878036,Castegnaro Francesco
/athletes/1754967,Zennipman Wessel
/athletes/2473534,Santos Miguel
/athletes/865925,Brun Xavier
/athletes/3163610,Gehin Lucas
/athletes/10546952,Schiettecatte Jellen
/athletes/3284270,L'Homme Leo
/athletes/13183,Young Chad
/athletes/1976970,Bernier Quentin
/athletes/1120794,Schellevis Rutger
/athletes/3482638,Harms Jos
/athletes/11744736,Redtenbacher Paul
/athletes/10893721,Wypych Karol
/athletes/2375169,Bianchini Paolo
/athletes/2289319,Cortinovis Loris
/athletes/1696681,Millour Geoffrey
/athletes/2647835,Lacroix Valentin
/athletes/3645399,Torres Cristian
/athletes/1586623,Houwers Bor
/athletes/1076157,Geerts Jesse
/athletes/5742824,Traca Baptiste
/athletes/41929929,Kovacs David
/athletes/5874868,Dorren Ruben
/athletes/4504331,Morichon Mathieu
/athletes/3315107,Feller Michael
/athletes/3482914,Barket Florian
/athletes/7207580,Bouedo Martin
/athletes/1468679,Mcleod Garrett
/athletes/899773,Schreurs Mark
/athletes/13666133,Lindner Tom
/athletes/783158,Irvine Saxon
/athletes/332505,Ravnsholt Emil
/athletes/1711167,Geerinckx Ruben
/athletes/205067,Pizzo Emanuele
/athletes/5286535,Johansson Marcus
/athletes/2689874,Cabanel Thomas
/athletes/1863388,Mortelmans Stijn
/athletes/3822271,Raeymaekers Thomas
/athletes/7138793,Ginestet Ugo
/athletes/111155,Olivier Benjamin
/athletes/7699634,Harbonnier Sebastien
/athletes/1821263,Williams Rhys
/athletes/2619675,Verhoeven Mike
/athletes/10269,Philipp Torey
/athletes/26141825,Khalikov Bulat
/athletes/8036731,Champossin Odrian
/athletes/3056918,Iwema Sander
/athletes/10443381,Yavuz Ozan
/athletes/4432095,Zullo Luca
/athletes/12387727,Colonna Niko
/athletes/5199403,Paque Johan
/athletes/1802933,Corbex Emilio
/athletes/3786134,Jaspers Jappe
/athletes/769964,Paton Iain
/athletes/3626772,Viennet Emilien
/athletes/1708589,Masure Brent
/athletes/7972679,Cabanas Oscar
/athletes/441199,Quirino Rodrigo
/athletes/2769349,Campbell Daragh
/athletes/5153876,Tortelier Valentin
/athletes/5186356,Pessotto Yuri
/athletes/1457095,Bain Nick
/athletes/1682112,Carantoni Simone
/athletes/5129080,Mattiussi Alessio
/athletes/2602664,Carneiro Carlos
/athletes/145552,Brown Cortlan
/athletes/1887858,Sarrou Jordan
/athletes/3199539,Casule Simone
/athletes/2341282,Pozzoli Matteo
/athletes/1641822,Franco Carlo
/athletes/5222619,Landaburu Senen
/athletes/4497560,Pozzi Davide
/athletes/8700764,Loenders Glenn
/athletes/1701023,Thomas Adrien
/athletes/1651684,Daniels Wouter
/athletes/4607054,Deguelle Christopher
/athletes/470146,Kivits Marc
/athletes/1648493,Orlhac Boris
/athletes/533120,Muntaner David
/athletes/37145377,Boscaro Davide
/athletes/6120116,Delahaye Alexandre
/athletes/7475002,Willems Robby
/athletes/1197122,Buckosky Kyle
/athletes/12207209,Kuentz Anthony
/athletes/1337293,Vincent Renaud
/athletes/1928834,Flynn Sean
/athletes/120379,Dias Diogo
/athletes/2480763,Marzi Francesco
/athletes/12678424,Martinelli Nicola
/athletes/3969286,Nadon Ludovic
/athletes/6600528,Andries Jordi
/athletes/4406851,Charles Quentin
/athletes/5497779,Mortensgaard Lasse
/athletes/57828881,Yurteri Nurullah
/athletes/1797116,Verwee Pieter
/athletes/2741147,Sundhagen Tord
/athletes/19060930,Rosner Linus
/athletes/323462,Skala Jakub
/athletes/28749655,Ryan Archie
/athletes/2388077,Lebrat Dorian
/athletes/4018825,Fourrier Vincent
/athletes/8946538,Grazian Nicolas
/athletes/4061432,Bouchet Baptiste
/athletes/2170458,Hertling Arnaud
/athletes/3765603,Vanneste Evert
/athletes/8215583,Mariani Alessandro
/athletes/1737216,Ghistelinck Paco
/athletes/2842791,Caliendo Gerardo
/athletes/1194047,Crochard Axel
/athletes/230625,Smits Florian
/athletes/412129,Brunner Eric
/athletes/5430565,Gamba Luca
/athletes/1133678,Roberts Luke
/athletes/1618670,Mcknight Bailey
/athletes/2699826,Panis Maxim
/athletes/2761822,Hubau Pierre
/athletes/1595099,Fernandes Mathieu
/athletes/957553,Fieschi Ulisse
/athletes/765336,Allegaert Matthias
/athletes/170407,Murfet Clay
/athletes/1592399,Oerlemans Tom
/athletes/1775671,Poliak Yam
/athletes/482085,Swan David
/athletes/1032902,Straschnow Noam
/athletes/1489203,Timmermans Tom
/athletes/1709054,Fraissignes Fabien
/athletes/777410,Schwingboth Jacob
/athletes/8136424,Leijnse Enzo
/athletes/2914250,Nazaret Romain
/athletes/2957583,Sterpin Gianni
/athletes/525692,Fridman Yuval
/athletes/4294089,Favero Riccardo
/athletes/1718522,Zumerle Marco
/athletes/8360865,Battistini Elia
/athletes/2727628,Wessels Franklin
/athletes/66561,Gaebel Stefan
/athletes/2797655,Carstensen Lars
/athletes/13345035,Plovie Wiebren
/athletes/9307512,Durand Dylan
/athletes/1737736,Born Vivian
/athletes/24801201,Carollo Francesco
/athletes/2159210,Carlier Alexis
/athletes/2263003,Gerber Lukas
/athletes/171814,Wielfaert Kristof
/athletes/2483979,Stefanelli Nicola
/athletes/66176341,Slamzhanov Orken
/athletes/70551320,Sahiri Ayoub
/athletes/5384085,Sentucq Florent
/athletes/2274918,Rasmussen Frederik
/athletes/6953005,Domanico Baptiste
/athletes/33591061,Milesi Lorenzo
/athletes/1838163,Dehmel Felix
/athletes/72722542,Umba Santiago
/athletes/13905062,Plebani Nicola
/athletes/276525,Klajnblat Jake
/athletes/2393082,Casteran Damien
/athletes/2419447,Motte David
/athletes/1810132,Pizzinato Marco
/athletes/27085323,Balestra Lorenzo
/athletes/13443879,Etxeberria Josu
/athletes/1154659,Meerbeek Christiaan
/athletes/1926237,Panhuyzen Kevin
/athletes/2048507,Oliebos Jordy
/athletes/25189205,Ziherl Luka
/athletes/1710706,Astals Cristian
/athletes/24521924,Ponomar Andrii
/athletes/19116791,Nencini Tommaso
/athletes/3960816,Heylen Kevin
/athletes/2015002,Hill Liam
/athletes/391414,Fonzi Simone
/athletes/549066,Becking Hans
/athletes/5106610,Roth Joel
/athletes/582963,Bhogal Alex
/athletes/16002921,Bien Max
/athletes/97001,Bosch Thomas
/athletes/1244565,Melville David
/athletes/22810700,Lillo Dario
/athletes/709251,Willems Pieter
/athletes/28864199,Christen Fabio
/athletes/12492681,Wilk Luke
/athletes/614264,Watts Aaron
/athletes/3042217,Chatelet Nicolas
/athletes/9369021,Wehrmann Jonas
/athletes/691806,Whelan Dan
/athletes/2397261,Reynolds Ethan
/athletes/15372436,Lube Bernhard
/athletes/8206422,Valdinosi Enrico
/athletes/1205022,Garcia Alex
/athletes/395516,Satchell Allan
/athletes/1309082,Cosyn Joris
/athletes/6855466,Raco Gabriele
/athletes/801599,Lepla Jeroen
/athletes/19504798,Borzov Dmitrii
/athletes/9876591,Bonnefoy Adrien
/athletes/3157807,Smith Nathan
/athletes/1704609,Tomassini Marco
/athletes/4948132,Jones Seth
/athletes/2772435,Raeymaekers Mattias
/athletes/2858071,Rossi Alberto
/athletes/642312,Devalckeneer Sieben
/athletes/1277160,Heyse Jari
/athletes/12429750,Herregodts Rune
/athletes/1641390,Filisetti Marco
/athletes/1908083,Tsumura Shohei
/athletes/296449,Stone Mike
/athletes/713342,Olieman Mark
/athletes/185851,Ferguson Paul
/athletes/763148,Hantzsch Elmar
/athletes/2556996,Exner Kai
/athletes/5822656,Falappi Davide
/athletes/21776434,Assylbek Galymzhan
/athletes/23086418,Nielsen Philip
/athletes/181839,Neumann Mitch
/athletes/1833499,Baeyens James
/athletes/3622585,Nagelhout Berry
/athletes/14295004,Paulus Milan
/athletes/1650364,Bosc Samy
/athletes/725220,Satchell Todd
/athletes/3616196,Mediero Roberto
/athletes/3716129,Cadinu Maxime
/athletes/2438624,Calise Luca
/athletes/3898164,Tenbruck Jonas
/athletes/4054391,Chytil Daniel
/athletes/1938249,Loozen Luc
/athletes/2355118,Deby Quentin
/athletes/3174111,Ville Corentin
/athletes/2276405,Kruger Casper
/athletes/3849763,Dujardin Florian
/athletes/40868637,Glivar Gal
/athletes/11305042,Ringwald Johannes
/athletes/1896574,Vangheluwe Robbe
/athletes/1101343,Janin Audric
/athletes/14320659,Vandekinderen Jens
/athletes/1763167,Coratger Thomas
/athletes/3150304,Gerritsen Danos
/athletes/17057340,Cocusse Remi
/athletes/6476042,Loss Enrico
/athletes/3345612,Leproux Frederic
/athletes/1254903,Spiers Tim
/athletes/31207418,Rezaei Meysam
/athletes/1679088,Okamika Ander
/athletes/1796861,Magrin Francesco
/athletes/1401625,Mahler Nathan
/athletes/23635796,Vovk Jaka
/athletes/11472408,Hopkins Dylan
/athletes/1837271,Carletto Simone
/athletes/13377826,Silva Tiago
/athletes/1814350,Goumon Arthur
/athletes/6831586,Freddi Matteo
/athletes/12585374,Arioli Federico
/athletes/62033610,Prymakou Kiryl
/athletes/9612989,Nigrini Andries
/athletes/7262577,Avbelj Blaz
/athletes/188892,Mayho Dominique
/athletes/8043604,Roodt Keanan
/athletes/3528384,Pereira Samuel
/athletes/7389665,Bardin Julien
/athletes/18644505,Barnhill Zac
/athletes/12584804,Muller Sheldon
/athletes/4844829,Roels Laurens
/athletes/5291208,Mild Lukas
/athletes/3016300,Montero Jesus
/athletes/4677164,Bittner Pavel
/athletes/8684621,Blanco Emmanuel
/athletes/1597323,Miguez Sergio
/athletes/3050124,Vertessen Mathias
/athletes/160155,Bartlett Chris
/athletes/2645420,Roach Steven
/athletes/1993019,Pauls Geoffrey
/athletes/10920360,Reinderink Pepijn
/athletes/1974326,Perez Juan
/athletes/848253,Braunsteins Daniel
/athletes/1809542,Brienissen Marco
/athletes/3495518,Ringoot Gilles
/athletes/16127046,Delevoye Jordan
/athletes/671186,Girdlestone Keagan
/athletes/15408240,Tegl Lorenz
/athletes/32599049,Cao Marco
/athletes/7985316,Aparicio Mario
/athletes/77982,Volotzky Erik
/athletes/10025858,Terenzi Mattia
/athletes/10700239,Terenzi Mattia
/athletes/3701700,Toelen Alex
/athletes/3381512,Vandermast Kevin
/athletes/1671534,Simoes Daniel
/athletes/12370666,Chauveaux Corentin
/athletes/2707042,Leite Luis
/athletes/2195067,Onley Oscar
/athletes/24123324,Lovidius Edvin
/athletes/16744940,Geerts Kenneth
/athletes/59687,Costales Enol
/athletes/17502059,Shawky Islam
/athletes/7918766,Coqueret Louis
/athletes/5544733,Tiegelaar Tom
/athletes/127641,Spencer Trevor
/athletes/1035373,Claeys Stef
/athletes/159335,Cusworth Steven
/athletes/690742,Chester Tom
/athletes/6443321,Phillips Leigh
/athletes/9796952,Theiler Ole
/athletes/5740807,Lebon Victor
/athletes/21624529,Macleod Euan
/athletes/20263271,Rees Brent
/athletes/6004504,Saison Antoine
/athletes/7726811,Carvalho Antero
/athletes/1224640,Kurty Jakub
/athletes/8230932,Buttigieg Aidan
/athletes/3711817,Burton Matt
/athletes/1684798,Denuwelaere Jan
/athletes/3485749,Despeignes Erwan
/athletes/1483809,Mcinnes Jeremy
/athletes/12196108,Tanguy Killian
/athletes/18888179,Borresch Julian
/athletes/238023,Wood Daniel
/athletes/79226417,Percrule Doriand
/athletes/11512145,Koen Rudi
/athletes/32540389,Popugayev Maxim
/athletes/17359318,Klopper Christiaan
/athletes/1704196,Vermant Wim
/athletes/5103422,Eggers Hendrik
/athletes/2244637,Haers Joris
/athletes/56289623,Betzinger Klaus
/athletes/5969753,Bertschinger Raphael
/athletes/3959223,Bentz Jeff
/athletes/1772730,Ertveldt Julien
/athletes/3572088,Keyser Matthew
/athletes/1334505,Evans Sam
/athletes/3925145,Bekker Rossouw
/athletes/2609175,Ezkieta Mikel
/athletes/133129,Staring Bryan
/athletes/134839,Moseley Sammy
/athletes/550197,Fallon Thomas
/athletes/11788735,Pavlides Konstantinos
/athletes/5742120,Barton Peter
/athletes/457542,Veldt Tim
/athletes/11701097,Soetens Arno
/athletes/12319641,Soetens Arno
/athletes/19627579,Stedman Travis
/athletes/14836375,Jussaume Tristan
/athletes/7675656,Joubert Marco
/athletes/1719871,Hutchinson Matt
/athletes/15669788,Shipley Gabriel
/athletes/1773860,Steens Johan
/athletes/11037958,Stolk Julian
/athletes/2010956,Pyfferoen Matthias
/athletes/3708060,Alvarez Diego
/athletes/2373435,Jansen Richard
/athletes/4020748,Parenti Nicola
/athletes/7185813,Alonso Ander
/athletes/2644908,Omnes Germain
/athletes/15781522,Garofoli Gianmarco
/athletes/1460859,Stevens Wim
/athletes/1949347,Smet Guy
/athletes/12506602,Haudiquet Pierre
/athletes/1120083,Restall Jacob
/athletes/6060396,Aernouts Bart
/athletes/4836835,Geysels Geoffrey
/athletes/21116758,Paleni Enzo
/athletes/18473844,Schizzi Vitor Zucco
/athletes/19958226,Cepeda Jefferson Alexander
