label;new_label;riderId
Tvetcov, Serghei;?Vetcov Serghei;1002650281
Aasvold, Kristian;Aasvold Kristian;1006916610
Aberasturi, Jon;Aberasturi Jon;1004918364
Abrahamsen, Jonas;Abrahamsen Jonas;1006183154
Ackermann, Pascal;Ackermann Pascal;1003568425
Adamietz, Johannes;Adamietz Johannes;1006646246
Adams, Jens;Adams Jens;1001140565
Adria, Roger;Adria Roger;1005011401
Aebi, Antoine;Aebi Antoine;1006646247
Aerts, Thijs;Aerts Thijs;1004012226
Affini, Edoardo;Affini Edoardo;1003561273
Agirre, Jon;Agirre Jon;1000316491
Alaphilippe, Julian;Alaphilippe Julian;1001917808
Albanese, Vincenzo;Albanese Vincenzo;1003568433
Vincenzo, Albanese;Albanese Vincenzo;1003568426
Aleotti, Giovanni;Aleotti Giovanni;1005570076
Allegaert, Piet;Allegaert Piet;1003567792
Almeida, João;Almeida Joao;1004994079
Amador, Andrey;Amador Andrey;1000780723
Amezqueta, Julen;Amezqueta Julen;1003226711
Anacona, Winner;Anacona Winner;1002097722
Andersen,ﾠIdar;Andersen Idar;1005011402
Andresen, Tobias Lund;Andresen Tobias Lund;1028319152
Angulo, Antonio;Angulo Antonio;1006623548
Aniolkowski, Stanislaw;Aniolkowski Stanislaw;1005819723
Apers, Ruben;Apers Ruben;1007462715
Aranburu, Alex;Aranburu Alex;1004879671
Arashiro,ﾠYukiya;Arashiro Yukiya;1000599353
Arcas, Jorge;Arcas Jorge;1004614160
Archbold,ﾠShane;Archbold Shane;1002593215
Archbold, Shane;Archbold Shane;1004621153
Archibald, John;Archibald John;1004600776
Ardila, Andres Camilo;Ardila Andres Camilo;1006095912
Arensman, Thymen;Arensman Thymen;1005011432
Ärm, Rait;Arm Rait;1008086974
Armee,ﾠSander;Armee Sander;1000796928
Armirail,ﾠBruno;Armirail Bruno;1002306839
Arndt, Nikias;Arndt Nikias;1001202061
Arrieta, Igor;Arrieta Igor;1028253350
Asgreen, Kasper;Asgreen Kasper;1003561281
Askey,ﾠLewis;Askey Lewis;1006534117
Aular, Orluis;Aular Orluis;1006160527
Ayuso, Juan;Ayuso Juan;1007059136
Azparren, Xabier Mikel;Azparren Xabier Mikel;1007896751
Azurmendi, Ibai;Azurmendi Ibai;1005011395
Badilatti, Matteo;Badilatti Matteo;1005039308
Baers, Arne;Baers Arne;1007016242
Bagioli, Andrea;Bagioli Andrea;1005011392
Bais,ﾠDavide;Bais Davide;1007595301
Bais, Mattia;Bais Mattia;1006659509
Bakelants, Jan;Bakelants Jan;1000778416
Balderstone, Abel;Balderstone Abel;1028383612
Balfour, Stuart;Balfour Stuart;1005822733
Ballerini, Davide;Ballerini Davide;1002896147
Ballerstedt, Maurice;Ballerstedt Maurice;1008084148
Balmer, Alexandre;Balmer Alexandre;1008084149
Banaszek, Alan;Banaszek Alan;1003568429
Barbero, Carlos;Barbero Carlos;1002565034
Barbier, Pierre;Barbier Pierre;1004994083
Barbier, Rudy;Barbier Rudy;1002338201
Barboza, Juan Manuel;Barboza Juan Manuel;1028317617
Barcelo,ﾠFernando;Barcelo Fernando;1005011391
Bardet, Romain;Bardet Romain;1001242272
Barguil, Warren;Barguil Warren;1001610608
Baroncini, Filippo;Baroncini Filippo;1008084169
Barrè, Louis;Barre Louis;1028367979
Barrenetxea, Jon;Barrenetxea Jon;1008031428
Bárta, Jan;Barta Jan;1001251038
Barta, Tomas;Barta Tomas;1005819737
Barta, William;Barta Will;1004232963
Barthe, Cyril;Barthe Cyril;1005011396
Baska, Erik;Baska Erik;1002312082
Basso, Leonardo;Basso Leonardo;1002898551
Battaglin, Enrico;Battaglin Enrico;1001250967
Battistella, Samuele;Battistella Samuele;1005011454
Baudin, Alex;Baudin Alex;1028358721
Bauer, Jack;Bauer Jack;1001250994
Bauer, Jack;Bauer Jack;1004621156
Bauhaus, Phil;Bauhaus Phil;1003906331
Bax, Sjoerd;Bax Sjoerd;1005569893
Bax, Sjoerd;Bax Sjoerd;1005569940
Bayer, Tobias;Bayer Tobias;1005819760
Bekaert, Yentl;Bekaert Yentl;1006999257
Belmans, Lennert;Belmans Lennert;1028364906
Benedetti, Cesare;Benedetti Cesare;1001251037
Bennett, George;Bennett George;1001485289
Bennett, Sam;Bennett Sam;1001944983
Benoot, Tiesj;Benoot Tiesj;1002225564
Berckmoes, Jenno;Berckmoes Jenno;1008084150
Berhe, Welay Hagos;Berhe Welay Hagos;1028408309
Bernal, Egan;Bernal Egan;1003784775
Bernard, Julien;Bernard Julien;1000034441
Berrade, Urko;Berrade Urko;1007451748
Berthet, Clément;Berthet Clement;1008072769
Berwick, Sebastian;Berwick Sebastian;1007059274
Bettiol, Alberto;Bettiol Alberto;1002706867
Beullens, Cedric;Beullens Cedric;1005555790
Bevilacqua, Simone;Bevilacqua Simone;1004941429
Bevin, Patrick;Bevin Patrick;1003057612
Bevort, Carl-Frederik;Bevort Carl-Frederik;1028316544
Bewley, Sam;Bewley Sam;1001711321
Bidard, Francois;Bidard Francois;1003958582
Biermans, Jenthe;Biermans Jenthe;1003567793
Bigham, Daniel;Bigham Dan;1004600766
Bilbao, Pello;Bilbao Pello;1001242273
Bissegger, Stefan;Bissegger Stefan;1005807591
Bittner, Pavel;Bittner Pavel;1008096763
Bizkarra,ﾠMikel;Bizkarra Mikel;1004570746
Bjerg, Mikkel;Bjerg Mikkel;1004223468
Blackmore, Joseph;Blackmore Joseph;1028364904
Blouwe, Louis;Blouwe Louis;1028242226
Boaro, Manuele;Boaro Manuele;1001251041
Boasson Hagen, Edvald;Boasson Hagen Edvald;1000371598
Bodnar, Maciej;Bodnar Maciej;1000552255
Bohli, Tom;Bohli Tom;1002306835
Boivin, Guillaume;Boivin Guillaume;1001282090
Bol, Cees;Bol Cees;1003567798
Bol,ﾠJetse;Bol Jetse;1002066083
Bonifazio, Niccolo;Bonifazio Niccolo;1002229003
Bonnamour, Franck;Bonnamour Franck;1002898560
Bonneu, Kamiel;Bonneu Kamiel;1028242224
Boros, Michael;Boros Michael;1002347308
Bou,ﾠJoan;Bou Joan;1004941450
Bouchard, Geoffrey;Bouchard Geoffrey;1004898169
Boudat, Thomas;Boudat Thomas;1002312072
Bouet, Maxime;Bouet Maxime;1000530430
Bouglas, Georgios;Bouglas Georgios;1006160549
Bouhanni, Nacer;Bouhanni Nacer;1001276567
Bouts, Jordy;Bouts Jordy;1006673321
Bouwman,ﾠKoen;Bouwman Koen;1003918023
Braet, Vito;Braet Vito;1028250461
Brambilla, Gianluca;Brambilla Gianluca;1001250972
Brändle, Matthias;Brandle Matthias;1001251036
Brenner, Marco;Brenner Marco;1007059298
Brozyna, Piotr;Brozyna Piotr;1004223472
Brun, Nils;Brun Nils;1028260443
Brunel, Alexys;Brunel Alexys;1005003223
Brussenskiy, Gleb;Brussenskiy Gleb;1007503172
Brustenga, Marc;Brustenga Marc;1008096794
Buchmann, Emanuel;Buchmann Emanuel;1002312086
Budding, Martijn;Budding Martijn;1004573483
Budding, Martijn;Budding Martijn;1004257153
Buitrago,ﾠSantiago;Buitrago Santiago;1006073680
Buratti, Nicolo;Buratti Nicolo;1028319017
Burgaudeau, Mathieu;Burgaudeau Mathieu;1005470556
Busatto, Francesco;Busatto Francesco;1028319139
Bystrom, Sven Erik;Bystrom Sven Erik;1001634187
Cabedo,��scar;Cabedo Oscar;1004918386
Cabot, Jeremy;Cabot Jeremy;1005027625
Caicedo,ﾠJonathanﾠKlever;Caicedo Jonathan Klever;1005181655
Calmejane, Lilian;Calmejane Lilian;1003277589
Calzoni, Walter;Calzoni Walter;1028373189
Camargo, Diego Andres;Camargo Diego Andres;1007244320
Campenaerts, Victor;Campenaerts Victor;1002225820
Canal,ﾠCarlos;Canal Carlos;1007896752
Canaveral, Johnatan;Canaveral Johnatan;1028239530
Canola, Marco;Canola Marco;1001250970
Capiot, Amaury;Capiot Amaury;1002796824
Carapaz, Richard;Carapaz Richard;1003951056
Carboni, Giovanni;Carboni Giovanni;1004232950
Carpenter, Robin;Carpenter Robin;1002306832
Carr, Simon;Carr Simon;1003030439
Carretero,ﾠHector;Carretero Hector;1004131192
Carthy, Hugh;Carthy Hugh;1002859498
Caruso, Damiano;Caruso Damiano;1001092632
Carvalho, Andre;Carvalho Andre;1005011458
Castrillo, Jaime;Castrillo Jaime;1006646210
Castroviejo,ﾠJonathan;Castroviejo Jonathan;1000960816
Cataford, Alexander;Cataford Alexander;1002887865
Cataldo, Dario;Cataldo Dario;1000139185
Cattaneo, Mattia;Cattaneo Mattia;1001571196
Cavagna, Remi;Cavagna Remi;1002306844
Cavendish, Mark;Cavendish Mark;1000134405
Cepeda, Jefferson Alexander;Cepeda Jefferson Alexander;1006705339
Cepeda, Jefferson Alveiro;Cepeda Jefferson Alveiro;1006121867
Cerny, Josef;Cerny Josef;1002887873
Chainel, Steve;Chainel Steve;1000004937
Champion, Thomas;Champion Thomas;1007059245
Champoussin, Clement;Champoussin Clement;1004898170
Charmig, Anthon;Charmig Anthon;1028238371
Chaves, Esteban;Chaves Esteban;1002251324
Cherel, Mikaël;Cherel Mikael;1006646211
Christen, Fabio;Christen Fabio;1008096814
Christen, Jan;Christen Jan;1028362551
Christian, Mark;Christian Mark;1003080436
Chzhan, Igor;Chzhan Igor;1008086975
Ciccone, Giulio;Ciccone Giulio;1003223097
Cimolai, Davide;Cimolai Davide;1001276056
Claeys, Dimitri;Claeys Dimitri;1003119976
Clarke, Simon;Clarke Simon;1000521384
Colbrelli, Sonny;Colbrelli Sonny;1001250971
Colleoni, Kevin;Colleoni Kevin;1006644221
Colman, Alex;Colman Alex;1005763971
Colnaghi,ﾠLuca;Colnaghi Luca;1008096749
Colombo, Filippo;Colombo Filippo;1006289321
Combaud,ﾠRomain;Combaud Romain;1003856250
Conca, Filippo;Conca Filippo;1006644222
Conci, Nicola;Conci Nicola;1004232949
Consonni, Simone;Consonni Simone;1002898469
Conti,ﾠValerio;Conti Valerio;1002642457
Contreras, Rodrigo;Contreras Rodrigo;1002312087
Coquard, Bryan;Coquard Bryan;1001202049
Cort Nielsen, Magnus;Cort Magnus;1001635478
Cosnefroy, Benoit;Cosnefroy Benoit;1004233026
Costa, Rui;Costa Rui;1003450662
Costa,ﾠRui;Costa Rui;1004599362
Costiou, Ewen;Costiou Ewen;1028319144
Cote, Pier-Andre;Cote Pier-Andre;1004954834
Covi, Alessandro;Covi Alessandro;1005011434
Covili, Luca;Covili Luca;1005483201
Craddock, Lawson;Craddock Lawson;1002121178
Cras, Steff;Cras Steff;1004570745
Crispin, Mickael;Crispin Mickael;1007016169
Cuadrado, Unai;Cuadrado Unai;1006623551
Cuadros, Alvaro;Cuadros Alvaro;1005388293
Currie, Logan;Currie Logan;1008096782
D'Heygere, Gil;D'Heygere Gil;1028253678
Dainese, Alberto;Dainese Alberto;1005570081
Dal-Cin, Matteo;Dal-Cin Matteo;1004954832
Dalla Valle, Nicolas;Dalla Vella Nicolas;1005764339
Davy, Clément;Davy Clement;1006644205
de Backer, Bert;De Backer Bert;1001027011
De Bod, Stefan;De Bod Stefan;1004223476
De Bondt, Dries;De Bondt Dries;1003881119
de Buyst, Jasper;De Buyst Jasper;1002221083
De Gendt, Aime;De Gendt Aime;1003953050
De Gendt, Thomas;De Gendt Thomas;1000762733
De Kleijn, Arvid;De Kleijn Arvid;1005569887
De Kleijn, Arvid;De Kleijn Arvid;1005569933
de Kort, Koen;De Kort Koen;1000124072
de la Cruz, David;De La Cruz David;1001711352
de la Parte, Victor;De La Parte Victor;1003289073
De Lie, Arnaud;De Lie Arnaud;1008096750
De Pestel, Sander;De Pestel Sander;1006673324
De Plus, Laurens;De Plus Laurens;1002887864
De Pooter, Dries;De Pooter Dries;1028319020
De Pretto, Davide;De Pretto Davide;1028319138
de Tier, Floris;De Tier Floris;1002312081
De Vylder, Lindsay;De Vylder Lindsay;1005372428
De Wilde, Gilles;De Wilde Gilles;1006646252
Debons, Antoine;Debons Antoine;1028260444
Debusschere, Jens;Debusschere Jens;1001518069
Declercq, Benjamin;Declercq Benjamin;1004941451
Declercq, Tim;Declercq Tim;1001696855
Degenkolb, John;Degenkolb John;1000951378
Dehairs,ﾠSimon;Dehairs Simon;1028242228
Dekker, David;Dekker David;1006187850
Del Grosso, Tibor;Del Grosso Tibor;1028364903
Delacroix,ﾠTheo;Delacroix Theo;1006646212
Delaplace, Anthony;Delaplace Anthony;1001290790
Delettre, Alexandre;Delettre Alexandre;1007306607
Démare, Arnaud;Demare Arnaud;1001204611
Dennis, Rohan;Dennis Rohan;1001612444
Dens, Tuur;Dens Tuur;1028242227
Denz,ﾠNico;Denz Nico;1002815206
Desal, Ceriel;Desal Ceriel;1028239536
Devenyns, Dries;Devenyns Dries;1000570269
Devriendt,ﾠTom;Devriendt Tom;1002796826
Dewulf, Stan;Dewulf Stan;1004232879
deﾠMarchi,ﾠAlessandro;De Marchi Alessandro;1001250963
Diaz, Jose Manuel;Diaz Jose Manuel;1005039296
Dillier, Silvan;Dillier Silvan;1002017933
Dinham, Matthew;Dinham Matthew;1028316553
Dombrowski, Joe;Dombrowski Joe;1006646213
Donaldson, Robert;Donaldson Robert;1008031431
Donovan, Mark;Donovan Mark;1004783150
Doubey,ﾠFabien;Doubey Fabien;1004930939
Doull, Owain;Doull Owain;1002201243
Dowsett, Alex;Dowsett Alex;1001524777
Drizners, Jarrad;Drizners Jarrad;1006073681
Drucker, Jempy;Drucker Jempy;1001510576
Duchesne, Antoine;Duchesne Antoine;1003143832
Dujardin, Sandy;Dujardin Sandy;1028248015
Dumoulin, Tom;Dumoulin Tom;1001354329
Dunbar, Eddie;Dunbar Eddie;1002869670
Dupont, Timothy;Dupont Timothy;1000783939
Durbridge, Luke;Durbridge Luke;1001227167
Duval, Julien;Duval Julien;1002338208
Dversnes, Fredrik;Dversnes Fredrik;1028239537
Edet, Nicolas;Edet Nicolas;1001290785
Edmondson, Alexander;Edmondson Alex;1004621154
Edmondson, Alexander;Edmondson Alex;1003944049
Eekhoff, Nils;Eekhoff Nils;1005569949
Eenkhoorn, Pascal;Eenkhoorn Pascal;1003561274
Eg, Niklas;Eg Niklas;1004652143
Eiking,ﾠOddﾠChristian;Eiking Odd Christian;1002234602
Einhorn,ﾠItamar;Einhorn Itamar;1004941448
Elissonde, Kenny;Elissonde Kenny;1001617894
Elosegui, Inigo;Elosegui Inigo;1006162507
Engelhardt, Felix;Engelhardt Felix;1028319137
Eriksson, Jacob;Eriksson Jacob;1008096780
Eriksson, Lucas;Eriksson Lucas;1002896172
Erviti,ﾠImanol;Erviti Imanol;1003563306
Etxeberria, Asier;Etxeberria Asier;1028253330
Etxeberria, Josu;Etxeberria Josu;1008031429
Evenepoel, Remco;Evenepoel Remco;1004893892
Ewan, Caleb;Ewan Caleb;1001916201
Eyskens, Jeroen;Eyskens Jeroen;1005555796
Ezquerra, Jesús;Ezquerra Jesus;1004605108
Fabbro, Matteo;Fabbro Matteo;1004570744
Fancellu, Alessandro;Fancellu Alessandro;1028243174
Fedeli, Alessandro;Fedeli Alessandro;1005011451
Fedorov, Yevgeniy;Fedorov Yevgeniy;1005819740
Felline, Fabio;Felline Fabio;1000791509
Ferasse, Thibault;Ferasse Thibault;1006646254
Ferdinande, Anton;Ferdinande Anton;1006673328
Fernandez, Ruben;Fernandez Ruben;1002460348
Ferron,ﾠValentin;Ferron Valentin;1005819736
Fetter, Erik;Fetter Erik;1006646255
Finé, Eddy;Fine Eddy;1005819741
Fiorelli, Filippo;Fiorelli Filippo;1006631388
Fisher-Black, Finn;Fisher-Black Finn;1006853187
Florez, Miguel Eduardo;Florez Miguel Eduardo;1004930937
Fluckiger, Mathias;Fluckiger Mathias;1003317813
Flynn, Sean;Flynn Sean;1028299769
Formolo, Davide;Formolo Davide;1002121190
Fortunato, Lorenzo;Fortunato Lorenzo;1005851982
Foss, Tobias;Foss Tobias;1004223479
Fraile, Omar;Fraile Omar;1002587251
Fredheim, Stian;Fredheim Stian;1028379570
Fretin, Milan;Fretin Milan;1028248937
Frigo, Marco;Frigo Marco;1008084176
Frislie, Graeme;Frislie Graeme;1028360031
Frison, Frederik;Frison Frederik;1002306827
Froidevaux, Robin;Froidevaux Robin;1005819759
Froome, Chris;Froome Chris;1000346661
Fuglsang, Jakob;Fuglsang Jakob;1000374196
Gabburo, Davide;Gabburo Davide;1005239758
Gajdulewicz, Mateusz;Gajdulewicz Mateusz;1028316558
Gall, Felix;Gall Felix;1004941434
Gallopin, Tony;Gallopin Tony;1001033945
Galvan, Francisco;Galvan Francisco;1007306608
Gamper, Patrick;Gamper Patrick;1003567782
Ganna, Filippo;Ganna Filippo;1002887855
Garcia Cortina, Ivan;Garcia Cortina Ivan;1003567803
Garcia,ﾠJhojan;Garcia Jhojan;1005419764
García Pierna, Carlos;Garcia Pierna Carlos;1028260442
Garcia Pierna, Raul;Garcia Pierna Raul;1007896753
Garofoli, Gianmarco;Garofoli Gianmarco;1028362554
Garosio, Andrea;Garosio Andrea;1005039294
Gate, Aaron;Gate Aaron;1003288143
Gaudu, David;Gaudu David;1003880100
Gautherat, Pierre;Gautherat Pierre;1028362580
Gautier, Cyril;Gautier Cyril;1001640613
Gavazzi, Francesco;Gavazzi Francesco;1000569368
Gaviria, Fernando;Gaviria Fernando;1002312080
Gaviria, Fernando;Gaviria Fernando;1003288151
Gaze, Samuel;Gaze Samuel;1007306611
Gazzoli, Michele;Gazzoli Michele;1006644223
Gee, Derek;Gee Derek;1004600763
Gee, Derek;Gee Derek;1004615187
Geniets, Kevin;Geniets Kevin;1004223486
Geoghegan Hart, Tao;Geoghegan Hart Tao;1002312078
George, Dylan;George Dylan;1028316550
Germani, Lorenzo;Germani Lorenzo;1028362581
Gesbert, Elie;Gesbert Elie;1004054111
Geschke, Simon;Geschke Simon;1001091071
Gesink, Robert;Gesink Robert;1000182601
Ghebreigzabhier,ﾠAmanuel;Ghebreigzabhier Amanuel;1004614157
Ghirmay Hailu, Biniam;Girmay Biniam;1006930056
Ghys, Robbe;Ghys Robbe;1004451819
Gibbons, Ryan;Gibbons Ryan;1003962780
Gibson, Matthew;Gibson Matthew;1005555784
Gidich,ﾠYevgeniy;Gidich Yevgeniy;1003568432
Gieryk, Kacper;Gieryk Kacper;1028316554
Gilbert, Philippe;Gilbert Philippe;1000192385
Gloag, Thomas;Gloag Thomas;1008031453
Godon, Dorian;Godon Dorian;1004611147
Godrie, Stan;Godrie Stan;1003597820
Goeman, Andreas;Goeman Andreas;1005073469
Gogl, Michael;Gogl Michael;1002312083
Goldstein, Edo;Goldstein Edo;1006341201
Goldstein, Omer;Goldstein Omer;1004994500
Gonzalez, Abner;Gonzalez Abner;1008132252
Gonzalez, David;Gonzalez David;1005419804
Goossens, Kobe;Goossens Kobe;1005555792
Gougeard, Alexis;Gougeard Alexis;1002336307
Govekar, Matevz;Govekar Matevz;1008096754
Gradek, Kamil;Gradek Kamil;1002795344
Gras, Yan;Gras Yan;1007093326
Gregaard Wilsly, Jonas;Gregaard Jonas;1004898551
Gregoire, Romain;Gregoire Romain;1028294467
Grellier, Fabien;Grellier Fabien;1004611151
Grignard,ﾠSebastien;Grignard Sebastien;1007059297
Grmay, Tsgabu;Grmay Tsgabu;1002657873
Gross, Felix;Gro? Felix;1028242233
Grossschartner, Felix;Gro?Schartner Felix;1002896146
Groenewegen, Dylan;Groenewegen Dylan;1002593216
Grondin,ﾠDonovan;Grondin Donovan;1006937042
Grosu,ﾠEduardﾠMichael;Grosu EduardﾠMichael;1002312100
Groves, Kaden;Groves Kaden;1005764333
Gruzdev, Dmitriy;Gruzdev Dmitriy;1001383278
Guarnieri, Jacopo;Guarnieri Jacopo;1000973597
Gudmestad,ﾠTord;Gudmestad Tord;1008096762
Guerin, Alexis;Guerin Alexis;1004941440
Guernalec, Thibault;Guernalec Thibault;1004901461
Guerreiro, Ruben;Guerreiro Ruben;1003766609
Guglielmi, Simon;Guglielmi Simon;1005819735
Haga, Chad;Haga Chad;1002460347
Hagen, Carl Fredrik;Hagen Carl Fredrik;1002814033
Hagenes, Per Strand;Hagenes Per Strand;1028319140
Haig, Jack;Haig Jack;1002312105
Hailemichael, Mulu Kinfe;Hailemichael Mulu Kinfe;1006646226
Haller, Marco;Haller Marco;1001796830
Halvorsen,ﾠKristoffer;Halvorsen Kristoffer;1003567787
Hamilton, Chris;Hamilton Chris;1003772404
Hamilton, Lucas;Hamilton Lucas;1003567801
Hanninen, Jaakko;Hanninen Jaakko;1005011437
Hansen,ﾠLasseﾠNorman;Hansen LasseﾠNorman;1001202056
Hardy, Romain;Hardy Romain;1002338210
Harper,ﾠChris;Harper Chris;1000368598
Haussler, Heinrich;Haussler Heinrich;1000083120
Haverdings, David;Haverdings David;1028323772
Havik, Yoeri;Havik Yoeri;1007863057
Hayter, Ethan;Hayter Ethan;1004203073
Hayter, Leo;Hayter Leo;1008161584
Healy, Ben;Healy Ben;1008031454
Heidemann,ﾠMiguel;Heidemann Miguel;1005807592
Heiduk, Kim;Heiduk Kim;1008096760
Heinschke, Leon;Heinschke Leon;1004941432
Hellemose, Asbjorn;Hellemose Asbjorn;1007855025
Henao,�Sebasti�n;Henao Sebastian;1002103812
Henao, Sergio Luis;Henao Sergio;1001242278
Hendrikx, Mees;Hendrikx Mees;1006999258
Hepburn, Michael;Hepburn Michael;1001946572
Hermans, Ben;Hermans Ben;1000762566
Hermans, Quinten;Hermans Quinten;1003497255
Herrada, Jesus;Herrada Jesus;1004074080
Herrada, José;Herrada Jose;1001673686
Herregodts, Rune;Herregodts Rune;1007306613
Hessmann, Michel;Hessmann Michel;1008084152
Hesters, Jules;Hesters Jules;1008210168
Higuita, Sergio;Higuita Sergio;1005181769
Hindley, Jai;Hindley Jai;1003772407
Hindsgaul Madsen, Jacob;Hindsgaul Jacob;1005819755
Hindsgaul, Jacob;Hindsgaul Jacob;1028319150
Hirschi, Marc;Hirschi Marc;1004223481
Hirt, Jan;Hirt Jan;1002782210
Hivert, Jonathan;Hivert Jonathan;1000161683
Hodeg, Alvaro Jose;Hodeg Alvaro Jose;1003562210
Hoelgaard, Markus;Hoelgaard Markus;1002312112
Hofstede, Lennard;Hofstede Lennard;1002312114
Hofstetter, Hugo;Hofstetter Hugo;1003568428
Hollenstein, Reto;Hollenstein Reto;1001251035
Hollmann, Juri;Hollmann Juri;1005763967
Hollyman, Mason;Hollyman Mason;1008031440
Holmes, Matthew;Holmes Matthew;1006073682
Holter, Ådne;Holter Adne;1028256084
Honore, Mikkel Frølich;Honore Mikkel Frolich;1004941456
Hoole, Daan;Hoole Daan;1005807595
Hopkins, Dylan;Hopkins Dylan;1028319142
Hopkins, Kaden;Hopkins Kaden;1028317618
Houle,ﾠHugo;Houle Hugo;1001696870
Howson,ﾠDamien;Howson Damien;1002232897
Hulgaard, Morten;Hulgaard Morten;1005807593
Huybs, Ward;Huybs Ward;1007040552
Huys, Laurens;Huys Laurens;1006705350
Hvideberg,ﾠJonasﾠIversby;Hvideberg Jonas Iversby;1005822220
Iacchi, Alessandro;Iacchi Alessandro;1006644253
Imhof, Claudio;Imhof Claudio;1005475477
Impey, Daryl;Impey Daryl;1000529338
Inkelaar, Kevin;Inkelaar Kevin;1005569944
Iribar, Unai;Iribar Unai;1028295926
Irvine, Declan;Irvine Declan;1005323213
Isasa, Xabier;Isasa Xabier;1028253329
Iserbyt, Eli;Iserbyt Eli;1003745343
Iturria, Mikel;Iturria Mikel;1004918384
Izagirre, Gorka;Izagirre Gorka;1004802199
Izagirre, Gorka;Izagirre Gorka;1004441921
Izagirre, Gorka;Izagirre Gorka;1004936304
Izagirre, Ion;Izagirre Ion;1004802200
Izagirre, Ion;Izagirre Ion;1004936303
Jacobs, Johan;Jacobs Johan;1005819746
Jakobsen, Fabio;Jakobsen Fabio;1003567799
Janse van Rensburg, Reinardt;Janse Van Rensburg Reinardt;1001610607
Jansen, Amund Grondahl;Jansen Amund Grondahl;1003567788
Janssens, Jimmy;Janssens Jimmy;1004012159
Jauregui, Quentin;Jauregui Quentin;1003117168
Jensen, August;Jensen August;1001634191
Johannesen, Anders;Johannessen Anders Halland;1008096753
Johannessen, Tobias;Johannessen Tobias Halland;1007841189
Johansen,ﾠJulius;Johansen Julius;1007503174
Jones, Taj;Jones Taj;1007059263
Holm Jørgensen, Adam;Jorgensen Adam Holm;1028319141
Jørgensen, Adam Holm;Jorgensen Adam Holm;1008084154
Jorgenson, Matteo;Jorgenson Matteo;1005820096
Joseph,ﾠThomas;Joseph Thomas;1005555788
Jousseaume, Alan;Jousseaume Alan;1028252797
Joyce, Colin;Joyce Colin;1002896148
Juaristi, Txomin;Juaristi Txomin;1007487066
Jungels, Bob;Jungels Bob;1001530892
Jussaume, Tristan;Jussaume Tristan;1028316557
Juul-Jensen, Christopher;Juul-Jensen Christopher;1001635475
Kaczmarek, Jakub;Kaczmarek Jakub;1005680874
Kamna, Lennard;Kamna Lennard;1002887859
Kamp, Alexander;Kamp Alexander;1002790855
Kamp, Ryan;Kamp Ryan;1005555787
Kangert, Tanel;Kangert Tanel;1001020557
Kanter, Max;Kanter Max;1004232954
Keisse, Iljo;Keisse Iljo;1000031698
Kelderman, Wilco;Kelderman Wilco;1001273545
Kelemen, Petr;Kelemen Petr;1005822360
Kepplinger, Rainer;Kepplinger Rainer;1028304560
Keukeleire, Jens;Keukeleire Jens;1000748512
Kielich, Timo;Kielich Timo;1005073466
Kirsch, Alex;Kirsch Alex;1002306825
Kluckers, Arthur;Kluckers Arthur;1008086973
Kluge, Roger;Kluge Roger;1000393125
Knox, James;Knox James;1004232947
Koch, Jonas;Koch Jonas;1002898563
Konovalovas, Ignatas;Konovalovas Ignatas;1000570268
Konrad, Patrick;Konrad Patrick;1002797483
Konychev,ﾠAlexander;Konychev Alexander;1005819728
Kooij, Olav;Kooij Olav;1007059265
Kopecky, Tomas;Kopecky Tomas;1006673331
Koretzky,ﾠVictor;Koretzky Victor;1007810585
Kragh Andersen, Asbjorn;Kragh Andersen Asbjorn;1002306830
Andersen, Soren Kragh;Kragh Andersen Soren;1002312063
Kreder, Wesley;Kreder Wesley;1001491238
Krieger, Alexander;Krieger Alexander;1004135710
Kristoff, Alexander;Kristoff Alexander;1000728004
Kron, Andreas;Kron Andreas;1005436828
Kruijswijk, Steven;Kruijswijk Steven;1000783511
Krul, Wessel;Krul Wessel;1028242060
Kubis, Lukas;Kubis Lukas;1007839362
Kudus,ﾠMerhawi;Kudus Merhawi;1002242713
Kuhn, Kevin;Kuhn Kevin;1006999254
Kulset, Johannes;Kulset Johannes;1028388141
Kulset, Magnus;Kulset Magnus;1028388142
Küng, Stefan;Kung Stefan;1004451817
Küng, Stefan;Kung Stefan;1002633702
Kurits, Joonas;Kurits Joonas;1028316559
Kuss, Sepp;Kuss Sepp;1003977211
Kuypers, Gerben;Kuypers Gerben;1006673332
Kwiatkowski, Michal;Kwiatkowski Michal;1001086001
Laas, Martin;Laas Martin;1004135711
Ladagnous, Matthieu;Ladagnous Matthieu;1000161682
Laengen, Vegard Stake;Laengen Vegard Stake;1002234600
Laegen, Vegard Stake;Laengen Vegard Stake;1003380727
Lafay, Victor;Lafay Victor;1004899809
Lampaert, Yves;Lampaert Yves;1002011591
Lamperti, Luke;Lamperti Luke;1008031455
Landa, Mikel;Landa Mikel;1001276564
Langellotti, Victor;Langellotti Victor;1005555785
Langeveld, Sebastian;Langeveld Sebastian;1000066479
Lapeira, Paul;Lapeira Paul;1028239531
Laporte, Christophe;Laporte Christophe;1004724089
Larsen, Niklas;Larsen Niklas;1000092110
Lastra, Jonathan;Lastra Jonathan;1004163224
Latour, Pierre;Latour Pierre;1002312051
Lauk, Karl Patrick;Lauk Karl Patrick;1005819749
Laurance, Axel;Laurance Axel;1028242232
Lawless, Christopher;Lawless Chris;1003307071
Lazkano, Oier;Lazkano Oier;1006646216
Le Berre, Mathis;Le Berre Mathis;1028319143
Le Huitouze, Eddy;Le Huitouze Eddy;1028316546
Le Turnier, Mathias;Le Turnier Mathias;1004611148
Leahy, Coner;Leahy Conor;1006116217
Lecroq, Jérémy;Lecroq Jeremy;1003567778
Ledanois, Kevin;Ledanois Kevin;1002236878
Leemreize, Gijs;Leemreize Gijs;1007059277
Leknessund, Andreas;Leknessund Andreas;1005011394
Lemoine, Cyril;Lemoine Cyril;1000406677
Leroux, Samuel;Leroux Samuel;1004994084
Leveau, Jeremy;Leveau Jeremy;1002312055
Leysen, Senne;Leysen Senne;1003562203
LeﾠGac,ﾠOlivier;Le Gac Olivier;1002336308
Lienhard, Fabian;Lienhard Fabian;1002896171
Liepins, Emils;Liepins Emils;1004135715
Lietaer, Eliot;Lietaer Eliot;1003953051
Lillo, Dario;Lillo Dario;1028260445
Lindeman, Bert-Jan;Lindeman Bert-Jan;1001533989
Lipowitz, Florian;Lipowitz Florian;1028362578
Livyns, Arjen;Livyns Arjen;1004909632
Lonardi, Giovanni;Lonardi Giovanni;1005347563
Loockx, Lander;Loockx Lander;1005871651
Lopez, Diego;Lopez Diego;1007896754
Lopez, Harold Martin;Lopez Harold Martin;1028319149
Lopez,ﾠJuanﾠPedro;Lopez Juan Pedro;1005907444
Lopez, Miguel Angel;Lopez Miguel Angel;1002312073
Louvel, Matis;Louvel Matis;1005819757
Lozano, David;Lozano David;1003856772
Ludvigsson, Tobias;Ludvigsson Tobias;1001571197
Luhrs, Luis-Joe;Luhrs Luis-Joe;1028359147
Lutsenko, Alexey;Lutsenko Alexey;1001543671
Maas, Jan;Maas Jan;1004994063
Maas, Jan;Maas Jan;1004994512
Maciejuk, Filip;Maciejuk Filip;1005003224
Mader, Gino;Mader Gino;1004232882
Madouas, Valentin;Madouas Valentin;1004232958
Madrazo, Angel;Madrazo Angel;1003422181
Maestri,ﾠMirco;Maestri Mirco;1003226707
Magli, Filippo;Magli Filippo;1008096775
Majka, Rafal;Majka Rafal;1001088226
Malecki, Kamil;Malecki Kamil;1005907440
Malucelli, Matteo;Malucelli Matteo;1004126668
Mannion, Gavin;Mannion Gavin;1003977213
Manzin, Lorrenzo;Manzin Lorrenzo;1002463980
Marcellusi, Martin;Marcellusi Martin;1006644224
Marchand, Gianni;Marchand Gianni;1004941442
Mareczko,ﾠJakub;Mareczko Jakub;1002572335
Marengo, Umberto;Marengo Umberto;1005347561
Mariault, Axel;Mariault Axel;1028362577
Marit, Arne;Marit Arne;1005555793
Markl, Niklas;Markl Niklas;1004941430
Marquez, Marti;Marquez Marti;1007306636
Martin, Alex;Martin Alex;1000790576
Martin, Daniel;Martin Daniel;1000539429
Martin, David;Martin David;1000032521
Martin,ﾠGotzon;Martin Gotzon;1007451746
Martin, Guillaume;Martin Guillaume;1003880105
Martin, Sergio Roman;Martin Sergio Roman;1007952828
Martinelli, Davide;Martinelli Davide;1002306819
Martinez, Daniel Felipe;Martinez Daniel Felipe;1003226709
Martinez, Lenny;Martinez Lenny;1028294468
Mas, Enric;Mas Enric;1003977209
Mas, Lluis;Mas Lluis;1002289668
Masciarelli, Lorenzo;Masciarelli Lorenzo;1008044810
Masnada, Fausto;Masnada Fausto;1004613243
Mason, Cameron;Mason Cameron;1007016238
Mat�,�Luis�Angel;Mate Luis�Angel;1001290794
Matthews, Michael;Matthews Michael;1000933123
Mayrhofer, Marius;Mayrhofer Marius;1007503173
McLay, Daniel;Mclay Daniel;1002312102
McNulty, Brandon;Mcnulty Brandon;1004223467
Meens, Johan;Meens Johan;1028257843
Meeus, Jordi;Meeus Jordi;1004994064
Meeus, Jordi;Meeus Jordi;1004994526
Meeusen, Tom;Meeusen Tom;1000710868
Meintjes, Louis;Meintjes Louis;1002134178
Meisen, Marcel;Meisen Marcel;1001408764
Menten, Milan;Menten Milan;1004856137
Merlier, Tim;Merlier Tim;1002347309
Mertens, Julian;Mertens Julian;1006673336
Mertz, Remy;Mertz Remy;1004648494
Meurisse, Xandro;Meurisse Xandro;1003880111
Meyer, Cameron;Meyer Cameron;1000392987
Mezgec, Luka;Mezgec Luka;1001566240
Michels, Jente;Michels Jente;1028348971
Mihkels, Madis;Mihkels Madis;1028362583
Miholjevic, Fran;Miholjevic Fran;1008096773
Milan,ﾠJonathan;Milan Jonathan;1007244322
Miles, Carson;Miles Carson;1028316555
Milesi, Lorenzo;Milesi Lorenzo;1028316542
Miquel, Pau;Miquel Pau;1028259427
Modolo, Sacha;Modolo Sacha;1000743841
Mohoric, Matej;Mohoric Matej;1002507330
Molano, Juan Sebastian;Molano Juan Sebastian;1002312061
Molard, Rudy;Molard Rudy;1001640706
Molenaar,ﾠAlex;Molenaar Alex;1005569894
Mollema, Bauke;Mollema Bauke;1000431759
Molly, Kenny;Molly Kenny;1004994052
Molly, Kenny;Molly Kenny;1004994493
Moniquet,ﾠSylvain;Moniquet Sylvain;1007059262
Moreno, Adri�;Moreno Adria;1028248993
Morice, Julien;Morice Julien;1003422182
Mørkøv, Michael;Morkov Michael;1001100443
Mosca, Jacopo;Mosca Jacopo;1004656966
Mosca, Jacopo;Mosca Jacopo;1004656974
Moschetti, Matteo;Moschetti Matteo;1004232959
Moscon, Gianni;Moscon Gianni;1002312077
Mottiez, Gilles;Mottiez Gilles;1007016176
Mozzato, Luca;Mozzato Luca;1006646220
Muhlberger, Gregor;Muhlberger Gregor;1002312074
Mullen, Ryan;Mullen Ryan;1002306816
Mulubrhan, Henok;Mulubrhan Henok;1005011403
Murguialday, Jokin;Murguialday Jokin;1007487067
Murphy, Kyle;Murphy Kyle;1005494177
Museeuw, Stefano;Museeuw Stefano;1007503178
Naberman, Tim;Naberman Tim;1005764344
Naesen, Lawrence;Naesen Lawrence;1004012160
Naesen, Oliver;Naesen Oliver;1002518156
Narvaez, Jhonathan;Narvaez Jhonatan;1004570732
Natarov, Yuriy;Natarov Yuriy;1005181597
Navarro,ﾠDaniel;Navarro Daniel;1000332482
Neilands, Krists;Neilands Krists;1002898559
Nibali, Antonio;Nibali Antonio;1003250697
Nibali, Vincenzo;Nibali Vincenzo;1000024280
Nicolau, Joel;Nicolau Joel;1008031430
Nieuwenhuis, Joris;Nieuwenhuis Joris;1004232966
Niewenhuis, Joris;Nieuwenhuis Joris;1006062173
Nieve,ﾠMikel;Nieve Mikel;1000853416
Nizzolo, Giacomo;Nizzolo Giacomo;1001075070
Noppe, Christophe;Noppe Christophe;1003567794
Norsgaard Jørgensen, Mathias;Norsgaard Mathias;1004223471
Novak, Domen;Novak Domen;1004652142
Nurlykhassym, Nurbergen;Nurlykhassym Nurbergen;1008096786
Nys, Thibau;Nys Thibau;1006999256
O'Brien, Kelland;O'brien Kelland;1004600761
O'Connor, Ben;O'connor Ben;1002192808
Okamika, Ander;Okamika Ander;1007487044
Oldani, Stefano;Oldani Stefano;1005570077
Oliveira,ﾠIvo;Oliveira Ivo;1003562201
Oliveira, Nelson;Oliveira Nelson;1001082363
Oliveira, Rui;Oliveira Rui;1004994502
Oliveira, Rui;Oliveira Rui;1004994078
Onley, Oscar;Onley Oscar;1028362553
Oomen, Sam;Oomen Sam;1002312059
Ormiston, Callum;Ormiston Callum;1028316556
Orts Lloret, Felipe;Orts Felipe;1007135087
Orts, Felipe;Orts Felipe;1005783642
Osborne, Jason;Osborne Jason;1028362584
Osorio, Alejandro;Osorio Alejandro;1005011449
Oss, Daniel;Oss Daniel;1000752810
Otruba, Jakub;Otruba Jakub;1005003226
Ourselin, Paul;Ourselin Paul;1004742179
Owsian, Lukasz;Owsian Lukasz;1002642454
Paasschens,ﾠMathijs;Paasschens Mathijs;1005451761
Pacher, Quentin;Pacher Quentin;1004611144
Padun, Mark;Padun Mark;1004602886
Page, Hugo;Page Hugo;1006533956
Pajur, Markus;Pajur Markus;1007455790
Paleni, Enzo;Paleni Enzo;1028362585
Palzer,ﾠAnton;Palzer Anton;1007244323
Paquot, Tom;Paquot Tom;1004994056
Paquot, Tom;Paquot Tom;1004994513
Paret-Peintre, Aurelien;Paret-Peintre Aurelien;1004898171
Paret-Peintre, Valentin;Paret-Peintre Valentin;1028253349
Parisini, Nicolò;Parisini Nicolo;1028319021
Parra,ﾠJoseﾠFelix;Parra Jose Felix;1006623550
Pasqualon, Andrea;Pasqualon Andrea;1003214579
Paterski, Maciej;Paterski Maciej;1000840084
Peak,�Barnab�s;Peak Barnabas;1004941445
Pedersen, Casper;Pedersen Casper;1004232876
Pedersen, Mads;Pedersen Mads;1002312109
Pedrero, Antonio;Pedrero Antonio;1004034094
Pellaud, Simon;Pellaud Simon;1003420480
Pellizzari, Giulio;Pellizzari Giulio;1028388404
Pena, Jesus;Pena Jesus David;1008096777
Pe�alver,�Manuel;Penalver Manuel;1006121894
Penhoet, Paul;Penhoet Paul;1008096758
Perez,ﾠAnthony;Perez Anthony;1000656940
Perichon,ﾠPierre-Luc;Perichon Pierre-Luc;1002338205
Pernsteiner, Hermann;Pernsteiner Hermann;1004599363
Peron, Andrea;Peron Andrea;1000087038
Peter, Jannis;Peter Jannis;1006646263
Peters, Nans;Peters Nans;1003567779
Petilli, Simone;Petilli Simone;1003186026
Petit, Adrien;Petit Adrien;1001210324
Peyskens,ﾠDimitri;Peyskens Dimitri;1003953048
Philipsen, Jasper;Philipsen Jasper;1004232945
Piccoli, James;Piccoli James;1004954836
Piccolo, Andrea;Piccolo Andrea;1028308789
Pichon,ﾠLaurent;Pichon Laurent;1000945888
Pidcock, Thomas;Pidcock Thomas;1004293669
Pidcock, Tom;Pidcock Thomas;1007810589
Piganzoli, Davide;Piganzoli Davide;1028316543
Pinot, Thibaut;Pinot Thibaut;1000946331
Pithie, Laurence;Pithie Laurence;1008096761
Planckaert, Baptiste;Planckaert Baptiste;1000796976
Planckaert, Edward;Planckaert Edward;1003886409
Plapp, Lucas;Plapp Luke;1007846244
Plowright, Jensen;Plowright Jensen;1008096751
Pluimers, Rick;Pluimers Rick;1028242229
Poels, Wout;Poels Wout;1000946332
Pogacar, Tadej;Pogacar Tadej;1004232969
Polanc, Jan;Polanc Jan;1002075014
Poli, Umberto;Poli Umberto;1005436837
Politt, Nils;Politt Nils;1002306829
Ponomar, Andrii;Ponomar Andrii;1007583727
Poole, Max;Poole Max;1008210167
Porte, Richie;Porte Richie;1000774873
Porter, Rudy;Porter Rudy;1006116215
Pöstlberger, Lukas;Postlberger Lukas;1002312058
Powless, Neilson;Powless Neilson;1003561277
Pozzovivo, Domenico;Pozzovivo Domenico;1000046836
Prades,ﾠEduard;Prades Eduard;1002566080
Price-Pejtersen, Johan;Price-Pejtersen Johan;1005003241
Prodhomme, Nicolas;Prodhomme Nicolas;1004898186
Pronskiy, Vadim;Pronskiy Vadim;1004223480
Puccio, Salvatore;Puccio Salvatore;1001523803
Puppio, Antonio;Puppio Antonio;1005807596
Quarterman, Charlie;Quarterman Charlie;1005764336
Quick, Blake;Quick Blake;1006116218
Quinn, Sean;Quinn Sean;1006646264
Quintana, Dayer;Quintana Dayer;1002233422
Quintana, Nairo;Quintana Nairo;1001251019
Raccani, Simone;Raccani Simone;1028298138
Raim, Mihkel;Raim Mihkel;1002896166
Rajovic, Dusan;Rajovic Dusan;1004232971
Rangel Costa, Vinicius;Rangel Costa Vinicius;1028239538
Rastelli,ﾠLuca;Rastelli Luca;1028239532
Raugel, Antoine;Raugel Antoine;1007524542
Ravanelli, Simone;Ravanelli Simone;1005570080
Reichenbach, Sébastien;Reichenbach Sebastien;1002146779
Reinders, Elmar;Reinders Elmar;1003905342
Reis, Rafael;Reis Rafael;1002306843
Renard, Alexis;Renard Alexis;1006169767
Repa, Vojtech;Repa Vojtech;1007306630
Resell, Erik Nordsaeter;Resell Erik Nordsaeter;1007392067
Restrepo,ﾠJhonatan;Restrepo Jhonatan;1004441922
Retailleau, Valentin;Retailleau Valentin;1028298139
Reutimann, Mathias;Reutimann Mathias;1007584627
Rex, Laurenz;Rex Laurenz;1006673339
Reynders, Jens;Reynders Jens;1005555794
Riabushenko, Alexandr;Riabushenko Alexandr;1004656146
Riccitello, Matthew;Riccitello Matthew;1008086971
Richeze, Maximiliano;Richeze Maximiliano;1000035531
Rickaert, Jonas;Rickaert Jonas;1003905343
Ries, Michel;Ries Michel;1005011393
Riesebeek, Oscar;Riesebeek Oscar;1004611150
Riou, Alan;Riou Alan;1005436832
Rivera, Brandon Smith;Rivera Brandon Smith;1006078060
Rivera, Kevin;Rivera Kevin;1005011436
Rivi,ﾠSamuele;Rivi Samuele;1006644226
Robeet, Ludovic;Robeet Ludovic;1004613637
Rochas, Rémy;Rochas Remy;1006623560
Rodenberg, Frederik;Rodenberg Frederik;1007455792
Rodriguez, Carlos;Rodriguez Carlos;1006162518
Rodriguez, Cristian;Rodriguez Cristian;1003226712
Rodriguez, Oscar;Rodriguez Oscar;1004918383
Roglic, Primoz;Roglic Primoz;1003057559
Rojas, José Joaquín;Rojas Jose Joaquin;1000332737
Rolland, Pierre;Rolland Pierre;1000285622
Rombouts, Seppe;Rombouts Seppe;1007016241
Romeo, Ivan;Romeo Ivan;1028316552
Romo,ﾠJavier;Romo Javier;1007576389
Ronhaar, Pim;Ronhaar Pim;1006999260
Roosen, Timo;Roosen Timo;1002312084
Rosa, Diego;Rosa Diego;1001571200
Rossetto, Stephane;Rossetto Stephane;1002338204
Rosskopf, Joey;Rosskopf Joey;1002829150
Rota, Lorenzo;Rota Lorenzo;1003434991
Rouiller, Loris;Rouiller Loris;1005764346
Roux,ﾠAnthony;Roux Anthony;1000412044
Rowe, Luke;Rowe Luke;1001282088
Rubio, Einer Augusto;Rubio Einer Augusto;1006631390
Rubio Reyes, Einar Augusto;Rubio Einer Augusto;1005011390
Ruegg, Lukas;Ruegg Lukas;1007697644
Ruegg, Timon;Ruegg Timon;1005100515
Ruiz, Ibon;Ruiz Ibon;1006646222
Russo, Clément;Russo Clement;1004941452
Rutsch, Jonas;Rutsch Jonas;1005820094
Sagan, Juraj;Sagan Juraj;1001236237
Sagan, Peter;Sagan Peter;1000718532
Sagiv, Guy;Sagiv Guy;1004652144
Sajnok, Szymon;Sajnok Szymon;1004223474
Salby, Alexander;Salby Alexander;1028383512
Samitier, Sergio;Samitier Sergio;1004994071
Samitier, Sergio;Samitier Sergio;1004994507
Sánchez, Eugenio;Sanchez Eugenio;1028259766
Sánchez, Luis Leon;Sanchez Luis Leon;1000066402
Sanchez, Pelayo;Sanchez Pelayo;1007896755
Sarreau, Marc;Sarreau Marc;1002572336
Sbaragli, Kristian;Sbaragli Kristian;1002004984
Scaroni, Cristian;Scaroni Christian;1006122186
Schachmann, Maximilian;Schachmann Maximilian;1002306823
Schär, Michael;Schar Michael;1002460349
Schelling, Ide;Schelling Ide;1005011400
Schelling,ﾠIde;Schelling Ide;1004994057
Schelling, Ide;Schelling Ide;1004994518
Schlegel, Michal;Schlegel Michal;1004232968
Schmid, Mauro;Schmid Mauro;1007244321
Schonberger, Sebastian;Schonberger Sebastian;1004902155
Schultz, Nicholas;Schultz Nick;1002896167
Schwarzmann,ﾠMichael;Schwarzmann Michael;1003412458
Scotson, Callum;Scotson Callum;1003561275
Scotson,ﾠMiles;Scotson Miles;1002887858
Scott, Cameron;Scott Cameron;1006073692
Scully, Tom;Scully Tom;1001378766
Segaert, Alec;Segaert Alec;1028316541
Selig, Rudiger;Selig Rudiger;1002334037
Senechal, Florian;Senechal Florian;1002015685
Sepulveda,ﾠEduardo;Sepulveda Eduardo;1001983909
Serrano, Gonzalo;Serrano Gonzalo;1005678425
Serry, Pieter;Serry Pieter;1001238445
Sevilla,ﾠDiegoﾠPablo;Sevilla Diego Pablo;1028243173
Shaw, James;Shaw James;1003787866
Sheffield, Magnus;Sheffield Magnus;1007393205
Simmons, Colby;Simmons Colby;1028319153
Simmons, Quinn;Simmons Quinn;1006169766
Simon, Julien;Simon Julien;1000529000
Sinkeldam, Ramon;Sinkeldam Ramon;1001711342
Šiškevicius, Evaldas;Siskevicius Evaldas;1002228954
Sivakov, Pavel;Sivakov Pavel;1003562207
Skaarseth, Anders;Skaarseth Anders;1003567790
Jensen, Mattias Skjelmose;Skjelmose Jensen Mattias;1006916611
Jensen, Mattias Skjelmose;Skjelmose Mattias;1006916611
Skjelmose, Mattias;Skjelmose Mattias;1028376048
Skujins, Toms;Skujins Toms;1003191508
Smith, Dion;Smith Dion;1002306840
Sobrero, Matteo;Sobrero Matteo;1005011398
Soete, Daan;Soete Daan;1003497257
Soler, Marc;Soler Marc;1002574644
Sosa, Ivan Ramiro;Sosa Ivan Ramiro;1004635031
Soto,ﾠAntonioﾠJesus;Soto Antonio Jesus;1006121895
Soupe,ﾠGeoffrey;Soupe Geoffrey;1001250993
Stannard, Robert;Stannard Robert;1004232948
Steels, Stijn;Steels Stijn;1001514478
Steimle, Jannik;Steimle Jannik;1005832780
Steinhauser, Georg;Steinhauser Georg;1008210165
Stewart, Campbell;Stewart Campbell;1007841611
Stewart, Jake;Stewart Jake;1005570103
Stewart, Mark;Stewart Mark;1002196852
Stockwell, Oliver;Stockwell Oliver;1008031434
Stojnic, Veljko;Stojnic Veljko;1005003240
Stokbro Nielsen, Andreas;Stokbro Andreas;1005372440
Storer, Michael;Storer Michael;1003772406
Stork, Florian;Stork Florian;1005334927
Stosz, Patryk;Stosz Patryk;1006644149
Strong,ﾠCorbin;Strong Corbin;1008096764
Stuyven, Jasper;Stuyven Jasper;1001944984
Stybar, Zdenek;Stybar Zdenek;1000040769
Suárez Fernández, Kevin;Suarez Kevin;1006999255
Suter, Joel;Suter Joel;1006169765
Sutterlin, Jasha;Sutterlin Jasha;1002697566
Svestad-Bårdseng, Embret;Svestad-Bardseng Embret;1028319151
Svrcek, Martin;Svrcek Martin;1028358720
Sweeck, Laurens;Sweeck Laurens;1002392564
Sweeny,ﾠHarry;Sweeny Harry;1005819745
Swenson, Keegan;Swenson Keegan;1028318574
Swift, Ben;Swift Ben;1000568707
Swift, Connor;Swift Connor;1004200669
Swirbul, Keegan;Swirbul Keegan;1005494210
Syritsa, Gleb;Syritsa Gleb;1008096772
Taaramae, Rein;Taaramae Rein;1000529792
Tagliani,ﾠFilippo;Tagliani Filippo;1007449786
Taminiaux,ﾠLionel;Taminiaux Lionel;1005392203
Tanfield, Charlie;Tanfield Charlie;1004783146
Tarling, Joshua;Tarling Joshua;1028362586
Tejada, Harold;Tejada Harold;1005907446
Terpstra, Niki;Terpstra Niki;1000298546
Tesfatsion, Natnael;Tesfatsion Natnael;1005819724
Tesson, Jason;Tesson Jason;1007306614
Teugels, Lennert;Teugels Lennert;1004941455
Teunissen, Mike;Teunissen Mike;1002312052
Teuns, Dylan;Teuns Dylan;1002312097
Thalmann, Roland;Thalmann Roland;1005465996
Theuns, Edward;Theuns Edward;1002236179
Thijssen, Gerben;Thijssen Gerben;1005181720
Thomas, Benjamin;Thomas Benjamin;1004232946
Thomas, Geraint;Thomas Geraint;1000165858
Thomas, Théo;Thomas Theo;1007016239
Thompson, Reuben;Thompson Reuben;1008096766
Thwaites, Scott;Thwaites Scott;1003158291
Tiberi, Antonio;Tiberi Antonio;1005907441
Tietema,ﾠBas;Tietema Bas;1028242059
Tiller, Rasmus;Tiller Rasmus;1003562202
Tivani, German Nicolás;Tivani German Nicolas;1004941458
Tizza, Marco;Tizza Marco;1004656143
Tolhoek, Antwan;Tolhoek Antwan;1002859499
Tolio, Alex;Tolio Alex;1028243161
Toneatti, Davide;Toneatti Davide;1028364905
Tonelli, Alessandro;Tonelli Alessandro;1004946837
Torres, Albert;Torres Albert;1006644152
Toumire, Hugo;Toumire Hugo;1028248995
Toupalik, Adam;Toupalik Adam;1004135150
Toupalik, Jakub;Toupalik Jakub;1028319148
Touze, Damien;Touze Damien;1004232967
Townsend, Rory;Townsend Rory;1006646224
Traeen,ﾠTorstein;Traen Torstein;1006882704
Tratnik, Jan;Tratnik Jan;1003973150
Trentin, Matteo;Trentin Matteo;1001235699
Tronchon, Bastien;Tronchon Bastien;1028298140
Tulett, Ben;Tulett Ben;1006882973
Turgis, Anthony;Turgis Anthony;1002814032
Turnbull, Carter;Turnbull Carter;1006116219
Turner, Ben;Turner Ben;1028241761
Tusveld,ﾠMartijn;Tusveld Martijn;1004135760
Uijtdebroeks, Cian;Uijtdebroeks Cian;1007244324
Ulissi, Diego;Ulissi Diego;1000960815
Umba,ﾠSantiago;Umba Santiago;1028230456
Urán Urán, Rigoberto;Uran Rigoberto;1000472942
Urianstad, Martin;Urianstad Martin;1007503176
Vacek, Karel;Vacek Karel;1007451749
Vacek, Mathias;Vacek Mathias;1028241740
Vader, Milan;Vader Milan;1007810591
Valgren, Michael;Valgren Michael;1002219665
Valter, Attila;Valter Attila;1005807597
Valverde, Alejandro;Valverde Alejandro;1000006466
Van Aert, Wout;Van Aert Wout;1002386001
Van Asbroeck, Tom;Van Asbroeck Tom;1001228159
Van Avermaet, Greg;Van Avermaet Greg;1002228949
van Baarle, Dylan;Van Baarle Dylan;1002228950
Van De Putte, Victor;Van De Putte Victor;1007016245
vanﾠdenﾠBerg,ﾠJulius;Van Den Berg Julius;1004232884
Van Den Berg, Lars;Van Den Berg Lars;1007059251
van der Haar, Lars;Van Der Haar Lars;1001402009
van der Haar, Lars;Van Der Haar Lars;1002593219
van der Hoorn, Taco;Van Der Hoorn Taco;1003881117
van der Poel, David;Van der Poel David;1002347316
van der Poel, David;Van der Poel David;1004135143
van der Poel, Mathieu;Van Der Poel Mathieu;1002312070
Van der Sande, Tosh;Van Der Sande Tosh;1001276057
Van der Tuuk, Axel;Van Der Tuuk Axel;1028316551
Van Der Tuuk, Danny;Van Der Tuuk Danny;1007306615
Van Dijke, Mick;Van Dijke Mick;1008084167
Van Dijke, Tim;Van Dijke Tim;1006999262
Van Eetvelt, Lennert;Van Eetvelt Lennert;1008096752
van Emden, Jos;Van Emden Jos;1000835465
Van Empel, Etienne;Van Empel Etienne;1005569879
Van Gestel, Dries;Van Gestel Dries;1004611145
Van Gils, Maxim;Van Gils Maxim;1007059242
Van Hoecke, Gijs;Van Hoecke Gijs;1001330833
Van Hooydonck, Nathan;Van Hooydonck Nathan;1002887866
Van Keirsbulck, Guillaume;Van Keirsbulck Guillaume;1001027010
van Kessel, Corné;Van Kessel Corne;1001933705
Van Lerberghe, Bert;Van Lerberghe Bert;1003112419
Van Lierop, Danny;Van Lierop Danny;1008044796
Van Moer, Brent;Van Moer Brent;1005011452
van Poppel, Danny;Van Poppel Danny;1001228630
Van Poucke, Aaron;Van Poucke Aaron;1005372438
Van Rooy, Kenneth;Van Rooy Kenneth;1002312060
van Schip, Jan-Willem;Van Schip Jan-Willem;1003562198
van Staeyen, Michael;Van Staeyen Michael;1000836049
Van Tricht, Stan;Van Tricht Stan;1005820095
van Uden, Casper;Van Uden Casper;1008096757
Van Wilder, Ilan;Van Wilder Ilan;1005807590
Vanbilsen,ﾠKenneth;Vanbilsen Kenneth;1002338199
Vandebosch, Toon;Vandebosch Toon;1005073477
Vandenabeele, Henri;Vandenabeele Henri;1007244198
Vandeputte, Niels;Vandeputte Niels;1006673341
Vanderlinden, Lukas;Vanderlinden Lukas;1008044798
Vanhoof, Ward;Vanhoof Ward;1005565549
Vanhoucke, Harm;Vanhoucke Harm;1004879641
Vanmarcke, Sep;Vanmarcke Sep;1000319203
Vansevenant, Mauri;Vansevenant Mauri;1006646266
Vanthourenhout, Michael;Vanthourenhout Michael;1002392563
VanﾠDenﾠBerg,ﾠMarijn;Van Den Berg Marijn;1005819739
VanﾠDenﾠBossche,ﾠFabio;Van Den Bossche Fabio;1006707037
vanﾠPoppel,ﾠBoy;Van Poppel Boy;1001624084
Vauquelin, Kevin;Vauquelin Kevin;1008084162
Velasco, Simone;Velasco Simone;1004941436
Vendrame, Andrea;Vendrame Andrea;1004652086
Venturini, Clement;Venturini Clement;1003059137
Verburg, Luke;Verburg Luke;1028364907
Vergaerde,ﾠOtto;Vergaerde Otto;1003905345
Vermaerke, Kevin;Vermaerke Kevin;1005819756
Vermeersch, Florian;Vermeersch Florian;1006290362
Vermeersch, Gianni;Vermeersch Gianni;1004041657
Vermeersch, Gianni;Vermeersch Gianni;1002347310
Vermeltfoort, Coen;Vermeltfoort Coen;1003885855
Vermeulen, Emiel;Vermeulen Emiel;1004994086
Vermeulen, Emiel;Vermeulen Emiel;1004994523
Vermote, Julien;Vermote Julien;1001251020
Vernon, Ethan;Vernon Ethan;1004600779
Verona,ﾠCarlos;Verona Carlos;1001673678
Verre, Alessandro;Verre Alessandro;1028278163
Verschaeve, Viktor;Verschaeve Viktor;1005011399
Verstrynge, Emiel;Verstrynge Emiel;1006999267
Vervaeke, Louis;Vervaeke Louis;1002648926
Vervloesem, Xandres;Vervloesem Xandres;1006534119
Verwilst, Aaron;Verwilst Aaron;1005333088
Villella, Davide;Villella Davide;1002234870
Vine, Jay;Vine Jay;1007904433
Vingegaard, Jonas;Vingegaard Jonas;1005011433
Visconti, Giovanni;Visconti Giovanni;1000162107
Vitzthum, Simon;Vitzthum Simon;1028277978
Viviani, Attilio;Viviani Attilio;1005764335
Viviani, Elia;Viviani Elia;1000933106
Vlasov, Aleksandr;Vlasov Aleksandr;1005011447
Vliegen, Loic;Vliegen Loic;1002312071
Voisard, Yannis;Voisard Yannis;1028260446
Vuillermoz, Alexis;Vuillermoz Alexis;1001641574
Waerenskjold,ﾠSoren;Warenskjold Soren;1008084168
Wallays, Jelle;Wallays Jelle;1001028722
Walls, Matthew;Walls Matthew;1005570091
Walscheid, Maximilian;Walscheid Max;1003416996
Wandahl, Frederik;Wandahl Frederik;1007059266
Warbasse,ﾠLarry;Warbasse Larry;1002796883
Warlop, Jordi;Warlop Jordi;1004451818
Wærsted, Syver;Warsted Syver;1007455789
Watson, Samuel;Watson Samuel;1008096769
Weemaes,ﾠSasha;Weemaes Sasha;1004901357
Weiss, Fabian;Weiss Fabian;1028316547
Welch, Patrick;Welch Patrick;1028316549
Wellens, Tim;Wellens Tim;1001482142
Welsford,ﾠSam;Welsford Sam;1004444849
Welten,ﾠBram;Welten Bram;1003567800
Wenzel, Mats;Wenzel Mats;1008096808
Wilksch, Hannes;Wilksch Hannes;1028316548
Willems, Thimo;Willems Thimo;1001996175
Williams, Stephen;Williams Stephen;1005470726
Wirtgen, Luc;Wirtgen Luc;1006952731
Wirtgen,ﾠTom;Wirtgen Tom;1002887872
Wisniowski, Lukasz;Wisniowski Lukasz;1002604157
Wood, Harrison;Wood Harrison;1028362589
Woods, Michael;Woods Michael;1002869754
Wright, Fred;Wright Fred;1004946856
Wurf, Cameron;Wurf Cameron;1001711316
Würtz Schmidt, Mads;Wurtz Schmidt Mads;1004131191
Wyseure, Joran;Wyseure Joran;1006999259
Yates, Adam;Yates Adam;1002110767
Yates, Simon;Yates Simon;1002043022
Zabel, Rick;Zabel Rick;1001910972
Zakharov,ﾠArtyom;Zakharov Artyom;1003288147
Zambanini, Edoardo;Zambanini Edoardo;1008096755
Zana, Filippo;Zana Filippo;1006121900
Zanoncello,ﾠEnrico;Zanoncello Enrico;1028246667
Zardini, Edoardo;Zardini Edoardo;1001571201
Zeits, Andrey;Zeits Andrey;1003392736
Zijlaard, Maikel;Zijlaard Maikel;1004778712
Zimmermann, Georg;Zimmermann Georg;1005819726
Zingle,ﾠAxel;Zingle Axel;1028246668
Zoccarato, Samuele;Zoccarato Samuele;1007583840
Zukowsky, Nicolas;Zukowsky Nickolas;1004954839
Zwiehoff, Ben;Zwiehoff Ben;1007059264
